date,value_x,value_y
4/14/2010,85.84,85.84
4/15/2010,85.758,85.758
4/16/2010,83.812,83.812
4/19/2010,82.458,82.458
4/20/2010,83.77,83.77
4/21/2010,83.68,83.68
4/22/2010,83.7,83.7
4/23/2010,85.12,85.12
4/26/2010,84.2,84.2
4/27/2010,82.44,82.44
4/28/2010,83.22,83.22
4/29/2010,85.17,85.17
4/30/2010,86.15,86.15
5/3/2010,86.19,86.19
5/4/2010,82.74,82.74
5/5/2010,79.97,79.97
5/6/2010,77.11,77.11
5/7/2010,75.11,75.11
5/10/2010,76.8,76.8
5/11/2010,76.37,76.37
5/12/2010,75.65,75.65
5/13/2010,74.4,74.4
5/14/2010,71.61,71.61
5/17/2010,70.708,70.708
5/18/2010,70.726,70.726
5/19/2010,71.436,71.436
5/20/2010,70.242,70.242
5/21/2010,70.04,70.04
5/24/2010,70.21,70.21
5/25/2010,68.75,68.75
5/26/2010,71.51,71.51
5/27/2010,74.55,74.55
5/28/2010,73.97,73.97
6/1/2010,72.58,72.58
6/2/2010,72.86,72.86
6/3/2010,74.61,74.61
6/4/2010,71.51,71.51
6/7/2010,71.44,71.44
6/8/2010,71.99,71.99
6/9/2010,74.38,74.38
6/10/2010,75.48,75.48
6/11/2010,73.78,73.78
6/14/2010,75.12,75.12
6/15/2010,76.94,76.94
6/16/2010,77.67,77.67
6/17/2010,77.04,77.04
6/18/2010,77.612,77.612
6/21/2010,78.294,78.294
6/22/2010,77.722,77.722
6/23/2010,76.35,76.35
6/24/2010,76.51,76.51
6/25/2010,78.86,78.86
6/28/2010,78.25,78.25
6/29/2010,75.94,75.94
6/30/2010,75.63,75.63
7/1/2010,72.95,72.95
7/2/2010,72.14,72.14
7/6/2010,71.98,71.98
7/7/2010,74.07,74.07
7/8/2010,75.44,75.44
7/9/2010,76.09,76.09
7/12/2010,74.95,74.95
7/13/2010,77.15,77.15
7/14/2010,77.04,77.04
7/15/2010,76.698,76.698
7/16/2010,76.158,76.158
7/19/2010,76.756,76.756
7/20/2010,77.552,77.552
7/21/2010,76.56,76.56
7/22/2010,79.3,79.3
7/23/2010,78.98,78.98
7/26/2010,78.98,78.98
7/27/2010,77.5,77.5
7/28/2010,76.99,76.99
7/29/2010,78.36,78.36
7/30/2010,78.95,78.95
8/2/2010,81.34,81.34
8/3/2010,82.55,82.55
8/4/2010,82.47,82.47
8/5/2010,82.01,82.01
8/6/2010,80.7,80.7
8/9/2010,81.48,81.48
8/10/2010,80.25,80.25
8/11/2010,78.02,78.02
8/12/2010,75.74,75.74
8/13/2010,75.39,75.39
8/16/2010,75.24,75.24
8/17/2010,75.848,75.848
8/18/2010,75.564,75.564
8/19/2010,74.634,74.634
8/20/2010,73.748,73.748
8/23/2010,73.1,73.1
8/24/2010,71.63,71.63
8/25/2010,72.52,72.52
8/26/2010,73.36,73.36
8/27/2010,75.17,75.17
8/30/2010,74.7,74.7
8/31/2010,71.92,71.92
9/1/2010,73.91,73.91
9/2/2010,75.02,75.02
9/3/2010,74.6,74.6
9/7/2010,74.09,74.09
9/8/2010,74.67,74.67
9/9/2010,74.25,74.25
9/10/2010,76.45,76.45
9/13/2010,77.19,77.19
9/14/2010,76.8,76.8
9/15/2010,76.02,76.02
9/16/2010,74.57,74.57
9/17/2010,73.912,73.912
9/20/2010,75.392,75.392
9/21/2010,74.39,74.39
9/22/2010,74.408,74.408
9/23/2010,75.18,75.18
9/24/2010,76.49,76.49
9/27/2010,76.52,76.52
9/28/2010,76.18,76.18
9/29/2010,77.86,77.86
9/30/2010,79.97,79.97
10/1/2010,81.58,81.58
10/4/2010,81.47,81.47
10/5/2010,82.82,82.82
10/6/2010,83.23,83.23
10/7/2010,81.67,81.67
10/8/2010,82.66,82.66
10/11/2010,82.21,82.21
10/12/2010,81.67,81.67
10/13/2010,83.01,83.01
10/14/2010,82.69,82.69
10/15/2010,81.386,81.386
10/18/2010,83.368,83.368
10/19/2010,79.892,79.892
10/20/2010,82.386,82.386
10/21/2010,80.56,80.56
10/22/2010,81.69,81.69
10/25/2010,82.52,82.52
10/26/2010,82.55,82.55
10/27/2010,81.94,81.94
10/28/2010,82.18,82.18
10/29/2010,81.43,81.43
11/1/2010,82.95,82.95
11/2/2010,83.9,83.9
11/3/2010,84.69,84.69
11/4/2010,86.49,86.49
11/5/2010,86.85,86.85
11/8/2010,87.06,87.06
11/9/2010,86.72,86.72
11/10/2010,87.81,87.81
11/11/2010,87.81,87.81
11/12/2010,84.88,84.88
11/15/2010,84.86,84.86
11/16/2010,82.44,82.44
11/17/2010,80.68,80.68
11/18/2010,82.192,82.192
11/19/2010,81.886,81.886
11/22/2010,81.74,81.74
11/23/2010,81.25,81.25
11/24/2010,83.86,83.86
11/26/2010,83.76,83.76
11/29/2010,85.73,85.73
11/30/2010,84.11,84.11
12/1/2010,86.75,86.75
12/2/2010,88,88
12/3/2010,89.19,89.19
12/6/2010,89.38,89.38
12/7/2010,88.69,88.69
12/8/2010,88.28,88.28
12/9/2010,88.37,88.37
12/10/2010,87.79,87.79
12/13/2010,88.61,88.61
12/14/2010,88.28,88.28
12/15/2010,88.62,88.62
12/16/2010,87.84,87.84
12/17/2010,88.252,88.252
12/20/2010,89.146,89.146
12/21/2010,89.596,89.596
12/22/2010,90.48,90.48
12/23/2010,91.51,91.51
12/27/2010,91,91
12/28/2010,91.49,91.49
12/29/2010,91.12,91.12
12/30/2010,89.84,89.84
12/31/2010,91.38,91.38
1/3/2011,91.55,91.55
1/4/2011,89.38,89.38
1/5/2011,90.3,90.3
1/6/2011,88.38,88.38
1/7/2011,88.03,88.03
1/10/2011,89.25,89.25
1/11/2011,91.11,91.11
1/12/2011,91.86,91.86
1/13/2011,91.4,91.4
1/14/2011,91.746,91.746
1/18/2011,91.752,91.752
1/19/2011,91.43,91.43
1/20/2011,89.444,89.444
1/21/2011,89.11,89.11
1/24/2011,87.87,87.87
1/25/2011,86.19,86.19
1/26/2011,87.33,87.33
1/27/2011,85.64,85.64
1/28/2011,89.34,89.34
1/31/2011,92.19,92.19
2/1/2011,90.77,90.77
2/2/2011,90.86,90.86
2/3/2011,90.54,90.54
2/4/2011,89.03,89.03
2/7/2011,87.48,87.48
2/8/2011,86.94,86.94
2/9/2011,86.71,86.71
2/10/2011,86.73,86.73
2/11/2011,85.58,85.58
2/14/2011,84.81,84.81
2/15/2011,84.32,84.32
2/16/2011,85.56,85.56
2/17/2011,87.352,87.352
2/18/2011,88.306,88.306
2/22/2011,95.05,95.05
2/23/2011,98.1,98.1
2/24/2011,97.28,97.28
2/25/2011,97.88,97.88
2/28/2011,96.97,96.97
3/1/2011,99.63,99.63
3/2/2011,102.23,102.23
3/3/2011,101.91,101.91
3/4/2011,104.42,104.42
3/7/2011,105.44,105.44
3/8/2011,105.02,105.02
3/9/2011,104.38,104.38
3/10/2011,102.7,102.7
3/11/2011,101.16,101.16
3/14/2011,101.19,101.19
3/15/2011,97.18,97.18
3/16/2011,97.98,97.98
3/17/2011,101.614,101.614
3/18/2011,101.382,101.382
3/21/2011,102.786,102.786
3/22/2011,104.776,104.776
3/23/2011,105.75,105.75
3/24/2011,105.6,105.6
3/25/2011,105.4,105.4
3/28/2011,103.98,103.98
3/29/2011,104.79,104.79
3/30/2011,104.27,104.27
3/31/2011,106.72,106.72
4/1/2011,107.94,107.94
4/4/2011,108.47,108.47
4/5/2011,108.34,108.34
4/6/2011,108.83,108.83
4/7/2011,110.3,110.3
4/8/2011,112.79,112.79
4/11/2011,109.92,109.92
4/12/2011,106.25,106.25
4/13/2011,107.11,107.11
4/14/2011,108.228,108.228
4/15/2011,109.884,109.884
4/18/2011,107.462,107.462
4/19/2011,108.254,108.254
4/20/2011,111.45,111.45
4/21/2011,112.29,112.29
4/25/2011,112.28,112.28
4/26/2011,112.21,112.21
4/27/2011,112.76,112.76
4/28/2011,112.86,112.86
4/29/2011,113.93,113.93
5/2/2011,113.52,113.52
5/3/2011,111.05,111.05
5/4/2011,109.24,109.24
5/5/2011,99.8,99.8
5/6/2011,97.18,97.18
5/9/2011,102.55,102.55
5/10/2011,103.88,103.88
5/11/2011,98.21,98.21
5/12/2011,98.97,98.97
5/13/2011,99.65,99.65
5/16/2011,97.37,97.37
5/17/2011,97.014,97.014
5/18/2011,100.284,100.284
5/19/2011,98.734,98.734
5/20/2011,99.978,99.978
5/23/2011,97.7,97.7
5/24/2011,99.59,99.59
5/25/2011,101.32,101.32
5/26/2011,100.23,100.23
5/27/2011,100.59,100.59
5/31/2011,102.7,102.7
6/1/2011,100.29,100.29
6/2/2011,100.4,100.4
6/3/2011,100.22,100.22
6/6/2011,99.01,99.01
6/7/2011,99.09,99.09
6/8/2011,100.74,100.74
6/9/2011,101.93,101.93
6/10/2011,99.29,99.29
6/13/2011,97.3,97.3
6/14/2011,99.37,99.37
6/15/2011,94.81,94.81
6/16/2011,95.032,95.032
6/17/2011,93.166,93.166
6/20/2011,93.482,93.482
6/21/2011,94.016,94.016
6/22/2011,95.41,95.41
6/23/2011,91.02,91.02
6/24/2011,91.16,91.16
6/27/2011,90.61,90.61
6/28/2011,92.89,92.89
6/29/2011,94.77,94.77
6/30/2011,95.42,95.42
7/1/2011,94.94,94.94
7/5/2011,96.89,96.89
7/6/2011,96.65,96.65
7/7/2011,98.67,98.67
7/8/2011,96.2,96.2
7/11/2011,95.15,95.15
7/12/2011,97.43,97.43
7/13/2011,98.05,98.05
7/14/2011,95.69,95.69
7/15/2011,97.312,97.312
7/18/2011,96.058,96.058
7/19/2011,97.716,97.716
7/20/2011,98.348,98.348
7/21/2011,99.13,99.13
7/22/2011,99.87,99.87
7/25/2011,99.2,99.2
7/26/2011,99.59,99.59
7/27/2011,97.4,97.4
7/28/2011,97.44,97.44
7/29/2011,95.7,95.7
8/1/2011,94.89,94.89
8/2/2011,93.79,93.79
8/3/2011,91.93,91.93
8/4/2011,86.63,86.63
8/5/2011,86.88,86.88
8/8/2011,81.31,81.31
8/9/2011,79.3,79.3
8/10/2011,82.89,82.89
8/11/2011,85.72,85.72
8/12/2011,85.38,85.38
8/15/2011,87.88,87.88
8/16/2011,86.65,86.65
8/17/2011,87.61,87.61
8/18/2011,82.432,82.432
8/19/2011,82.35,82.35
8/22/2011,84.36,84.36
8/23/2011,85.44,85.44
8/24/2011,85.16,85.16
8/25/2011,85.3,85.3
8/26/2011,85.37,85.37
8/29/2011,87.27,87.27
8/30/2011,88.9,88.9
8/31/2011,88.81,88.81
9/1/2011,88.93,88.93
9/2/2011,86.45,86.45
9/6/2011,86.02,86.02
9/7/2011,89.34,89.34
9/8/2011,89.05,89.05
9/9/2011,87.24,87.24
9/12/2011,88.19,88.19
9/13/2011,90.21,90.21
9/14/2011,88.91,88.91
9/15/2011,89.438,89.438
9/16/2011,88.048,88.048
9/19/2011,85.766,85.766
9/20/2011,86.914,86.914
9/21/2011,85.92,85.92
9/22/2011,80.51,80.51
9/23/2011,79.85,79.85
9/26/2011,80.24,80.24
9/27/2011,84.45,84.45
9/28/2011,81.21,81.21
9/29/2011,82.14,82.14
9/30/2011,79.2,79.2
10/3/2011,77.61,77.61
10/4/2011,75.67,75.67
10/5/2011,79.68,79.68
10/6/2011,82.59,82.59
10/7/2011,82.98,82.98
10/10/2011,85.41,85.41
10/11/2011,85.81,85.81
10/12/2011,85.57,85.57
10/13/2011,84.23,84.23
10/14/2011,86.8,86.8
10/17/2011,86.428,86.428
10/18/2011,88.416,88.416
10/19/2011,86.218,86.218
10/20/2011,85.916,85.916
10/21/2011,87.4,87.4
10/24/2011,91.27,91.27
10/25/2011,93.17,93.17
10/26/2011,90.2,90.2
10/27/2011,93.96,93.96
10/28/2011,93.32,93.32
10/31/2011,93.19,93.19
11/1/2011,92.19,92.19
11/2/2011,92.51,92.51
11/3/2011,94.07,94.07
11/4/2011,94.26,94.26
11/7/2011,95.52,95.52
11/8/2011,96.8,96.8
11/9/2011,95.74,95.74
11/10/2011,97.78,97.78
11/11/2011,98.99,98.99
11/14/2011,98.14,98.14
11/15/2011,99.382,99.382
11/16/2011,102.594,102.594
11/17/2011,98.886,98.886
11/18/2011,97.618,97.618
11/21/2011,96.92,96.92
11/22/2011,98.01,98.01
11/23/2011,96.17,96.17
11/25/2011,96.77,96.77
11/28/2011,98.21,98.21
11/29/2011,99.79,99.79
11/30/2011,100.36,100.36
12/1/2011,100.2,100.2
12/2/2011,100.96,100.96
12/5/2011,100.99,100.99
12/6/2011,101.28,101.28
12/7/2011,100.49,100.49
12/8/2011,98.34,98.34
12/9/2011,99.41,99.41
12/12/2011,97.77,97.77
12/13/2011,100.14,100.14
12/14/2011,94.95,94.95
12/15/2011,93.91,93.91
12/16/2011,93.618,93.618
12/19/2011,93.982,93.982
12/20/2011,97.236,97.236
12/21/2011,98.67,98.67
12/22/2011,99.53,99.53
12/23/2011,99.68,99.68
12/27/2011,101.34,101.34
12/28/2011,99.36,99.36
12/29/2011,99.65,99.65
12/30/2011,98.83,98.83
1/3/2012,102.96,102.96
1/4/2012,103.22,103.22
1/5/2012,101.81,101.81
1/6/2012,101.56,101.56
1/9/2012,101.31,101.31
1/10/2012,102.24,102.24
1/11/2012,100.87,100.87
1/12/2012,99.1,99.1
1/13/2012,98.7,98.7
1/17/2012,100.742,100.742
1/18/2012,100.658,100.658
1/19/2012,100.48,100.48
1/20/2012,98.356,98.356
1/23/2012,99.58,99.58
1/24/2012,98.95,98.95
1/25/2012,99.4,99.4
1/26/2012,99.7,99.7
1/27/2012,99.56,99.56
1/30/2012,98.78,98.78
1/31/2012,98.48,98.48
2/1/2012,97.61,97.61
2/2/2012,96.36,96.36
2/3/2012,97.84,97.84
2/6/2012,96.91,96.91
2/7/2012,98.41,98.41
2/8/2012,98.71,98.71
2/9/2012,99.84,99.84
2/10/2012,98.67,98.67
2/13/2012,100.91,100.91
2/14/2012,100.74,100.74
2/15/2012,101.868,101.868
2/16/2012,102.442,102.442
2/17/2012,103.456,103.456
2/21/2012,106.168,106.168
2/22/2012,106.28,106.28
2/23/2012,107.83,107.83
2/24/2012,109.77,109.77
2/27/2012,108.56,108.56
2/28/2012,106.55,106.55
2/29/2012,107.07,107.07
3/1/2012,108.84,108.84
3/2/2012,106.7,106.7
3/5/2012,106.72,106.72
3/6/2012,104.7,104.7
3/7/2012,106.16,106.16
3/8/2012,106.58,106.58
3/9/2012,107.4,107.4
3/12/2012,106.34,106.34
3/13/2012,106.71,106.71
3/14/2012,105.43,105.43
3/15/2012,105.218,105.218
3/16/2012,107.268,107.268
3/19/2012,108.372,108.372
3/20/2012,105.978,105.978
3/21/2012,107.27,107.27
3/22/2012,105.35,105.35
3/23/2012,106.87,106.87
3/26/2012,107.03,107.03
3/27/2012,107.33,107.33
3/28/2012,105.41,105.41
3/29/2012,102.78,102.78
3/30/2012,103.02,103.02
4/2/2012,105.23,105.23
4/3/2012,104.01,104.01
4/4/2012,101.47,101.47
4/5/2012,103.31,103.31
4/9/2012,102.46,102.46
4/10/2012,101.02,101.02
4/11/2012,102.7,102.7
4/12/2012,103.64,103.64
4/13/2012,102.83,102.83
4/16/2012,102.93,102.93
4/17/2012,104.288,104.288
4/18/2012,102.85,102.85
4/19/2012,102.54,102.54
4/20/2012,103.714,103.714
4/23/2012,103.11,103.11
4/24/2012,103.55,103.55
4/25/2012,104.12,104.12
4/26/2012,104.55,104.55
4/27/2012,104.93,104.93
4/30/2012,104.87,104.87
5/1/2012,106.16,106.16
5/2/2012,105.22,105.22
5/3/2012,102.54,102.54
5/4/2012,98.49,98.49
5/7/2012,97.94,97.94
5/8/2012,97.01,97.01
5/9/2012,96.81,96.81
5/10/2012,97.08,97.08
5/11/2012,96.13,96.13
5/14/2012,94.78,94.78
5/15/2012,93.98,93.98
5/16/2012,92.81,92.81
5/17/2012,92.636,92.636
5/18/2012,91.608,91.608
5/21/2012,92.744,92.744
5/22/2012,91.812,91.812
5/23/2012,89.9,89.9
5/24/2012,90.66,90.66
5/25/2012,90.86,90.86
5/29/2012,90.76,90.76
5/30/2012,87.82,87.82
5/31/2012,86.53,86.53
6/1/2012,83.23,83.23
6/4/2012,83.98,83.98
6/5/2012,84.29,84.29
6/6/2012,85.02,85.02
6/7/2012,84.82,84.82
6/8/2012,84.1,84.1
6/11/2012,82.7,82.7
6/12/2012,83.32,83.32
6/13/2012,82.62,82.62
6/14/2012,83.91,83.91
6/15/2012,84.09,84.09
6/18/2012,83.402,83.402
6/19/2012,84.222,84.222
6/20/2012,81.52,81.52
6/21/2012,78.2,78.2
6/22/2012,79.76,79.76
6/25/2012,79.21,79.21
6/26/2012,79.36,79.36
6/27/2012,80.21,80.21
6/28/2012,77.69,77.69
6/29/2012,84.96,84.96
7/2/2012,83.75,83.75
7/3/2012,87.66,87.66
7/5/2012,87.22,87.22
7/6/2012,84.45,84.45
7/9/2012,85.99,85.99
7/10/2012,83.91,83.91
7/11/2012,85.81,85.81
7/12/2012,86.08,86.08
7/13/2012,87.1,87.1
7/16/2012,88.43,88.43
7/17/2012,89.284,89.284
7/18/2012,89.99,89.99
7/19/2012,92.846,92.846
7/20/2012,91.752,91.752
7/23/2012,88.14,88.14
7/24/2012,88.5,88.5
7/25/2012,88.97,88.97
7/26/2012,89.39,89.39
7/27/2012,90.13,90.13
7/30/2012,89.78,89.78
7/31/2012,88.06,88.06
8/1/2012,88.91,88.91
8/2/2012,87.13,87.13
8/3/2012,91.4,91.4
8/6/2012,92.2,92.2
8/7/2012,93.67,93.67
8/8/2012,93.35,93.35
8/9/2012,93.36,93.36
8/10/2012,92.87,92.87
8/13/2012,92.73,92.73
8/14/2012,93.43,93.43
8/15/2012,94.33,94.33
8/16/2012,95.658,95.658
8/17/2012,96.134,96.134
8/20/2012,96.144,96.144
8/21/2012,96.808,96.808
8/22/2012,97.26,97.26
8/23/2012,96.27,96.27
8/24/2012,96.15,96.15
8/27/2012,95.47,95.47
8/28/2012,96.33,96.33
8/29/2012,95.49,95.49
8/30/2012,94.62,94.62
8/31/2012,96.47,96.47
9/4/2012,95.3,95.3
9/5/2012,95.36,95.36
9/6/2012,95.53,95.53
9/7/2012,96.42,96.42
9/10/2012,96.54,96.54
9/11/2012,97.17,97.17
9/12/2012,97.01,97.01
9/13/2012,98.31,98.31
9/14/2012,99,99
9/17/2012,96.686,96.686
9/18/2012,95.422,95.422
9/19/2012,92.172,92.172
9/20/2012,92.31,92.31
9/21/2012,92.89,92.89
9/24/2012,91.93,91.93
9/25/2012,91.37,91.37
9/26/2012,89.98,89.98
9/27/2012,91.85,91.85
9/28/2012,92.19,92.19
10/1/2012,92.48,92.48
10/2/2012,91.89,91.89
10/3/2012,88.14,88.14
10/4/2012,91.71,91.71
10/5/2012,89.88,89.88
10/8/2012,89.33,89.33
10/9/2012,92.39,92.39
10/10/2012,91.25,91.25
10/11/2012,92.07,92.07
10/12/2012,91.86,91.86
10/15/2012,91.85,91.85
10/16/2012,92.09,92.09
10/17/2012,92.214,92.214
10/18/2012,92.272,92.272
10/19/2012,90.284,90.284
10/22/2012,88.666,88.666
10/23/2012,86.67,86.67
10/24/2012,85.73,85.73
10/25/2012,86.05,86.05
10/26/2012,86.28,86.28
10/29/2012,85.54,85.54
10/30/2012,85.68,85.68
10/31/2012,86.24,86.24
11/1/2012,87.09,87.09
11/2/2012,84.86,84.86
11/5/2012,85.65,85.65
11/6/2012,88.71,88.71
11/7/2012,84.44,84.44
11/8/2012,85.09,85.09
11/9/2012,86.07,86.07
11/12/2012,85.57,85.57
11/13/2012,85.472,85.472
11/14/2012,86.492,86.492
11/15/2012,85.702,85.702
11/16/2012,86.87,86.87
11/19/2012,89.28,89.28
11/20/2012,86.75,86.75
11/21/2012,87.38,87.38
11/23/2012,88.28,88.28
11/26/2012,87.74,87.74
11/27/2012,87.18,87.18
11/28/2012,86.49,86.49
11/29/2012,88.07,88.07
11/30/2012,88.91,88.91
12/3/2012,89.09,89.09
12/4/2012,88.5,88.5
12/5/2012,87.88,87.88
12/6/2012,86.26,86.26
12/7/2012,85.93,85.93
12/10/2012,85.56,85.56
12/11/2012,85.79,85.79
12/12/2012,86.77,86.77
12/13/2012,85.89,85.89
12/14/2012,86.834,86.834
12/17/2012,87.388,87.388
12/18/2012,88.212,88.212
12/19/2012,89.886,89.886
12/20/2012,90.13,90.13
12/21/2012,88.66,88.66
12/24/2012,88.61,88.61
12/26/2012,90.98,90.98
12/27/2012,90.87,90.87
12/28/2012,90.8,90.8
12/31/2012,91.82,91.82
1/2/2013,93.12,93.12
1/3/2013,92.92,92.92
1/4/2013,93.09,93.09
1/7/2013,93.19,93.19
1/8/2013,93.15,93.15
1/9/2013,93.1,93.1
1/10/2013,93.82,93.82
1/11/2013,93.56,93.56
1/14/2013,94.14,94.14
1/15/2013,93.28,93.28
1/16/2013,94.328,94.328
1/17/2013,95.67,95.67
1/18/2013,95.848,95.848
1/22/2013,96.592,96.592
1/23/2013,95.23,95.23
1/24/2013,95.95,95.95
1/25/2013,95.88,95.88
1/28/2013,96.44,96.44
1/29/2013,97.57,97.57
1/30/2013,97.94,97.94
1/31/2013,97.49,97.49
2/1/2013,97.77,97.77
2/4/2013,96.17,96.17
2/5/2013,96.64,96.64
2/6/2013,96.62,96.62
2/7/2013,95.83,95.83
2/8/2013,95.72,95.72
2/11/2013,97.03,97.03
2/12/2013,97.51,97.51
2/13/2013,97.01,97.01
2/14/2013,97.428,97.428
2/15/2013,96.08,96.08
2/19/2013,96.924,96.924
2/20/2013,95.068,95.068
2/21/2013,92.84,92.84
2/22/2013,93.13,93.13
2/25/2013,93.11,93.11
2/26/2013,92.63,92.63
2/27/2013,92.76,92.76
2/28/2013,92.05,92.05
3/1/2013,90.68,90.68
3/4/2013,90.12,90.12
3/5/2013,90.82,90.82
3/6/2013,90.43,90.43
3/7/2013,91.56,91.56
3/8/2013,91.95,91.95
3/11/2013,92.06,92.06
3/12/2013,92.54,92.54
3/13/2013,92.52,92.52
3/14/2013,93.03,93.03
3/15/2013,93.524,93.524
3/18/2013,93.888,93.888
3/19/2013,92.376,92.376
3/20/2013,93.392,93.392
3/21/2013,92.45,92.45
3/22/2013,93.71,93.71
3/25/2013,94.81,94.81
3/26/2013,96.34,96.34
3/27/2013,96.58,96.58
3/28/2013,97.23,97.23
4/1/2013,97.07,97.07
4/2/2013,97.19,97.19
4/3/2013,94.45,94.45
4/4/2013,93.26,93.26
4/5/2013,92.7,92.7
4/8/2013,93.36,93.36
4/9/2013,94.2,94.2
4/10/2013,94.64,94.64
4/11/2013,93.51,93.51
4/12/2013,91.29,91.29
4/15/2013,88.71,88.71
4/16/2013,88.72,88.72
4/17/2013,86.738,86.738
4/18/2013,87.838,87.838
4/19/2013,88.166,88.166
4/22/2013,89.104,89.104
4/23/2013,89.18,89.18
4/24/2013,91.43,91.43
4/25/2013,93.64,93.64
4/26/2013,93,93
4/29/2013,94.5,94.5
4/30/2013,93.46,93.46
5/1/2013,91.03,91.03
5/2/2013,93.99,93.99
5/3/2013,95.61,95.61
5/6/2013,96.16,96.16
5/7/2013,95.62,95.62
5/8/2013,96.62,96.62
5/9/2013,96.39,96.39
5/10/2013,96.04,96.04
5/13/2013,95.17,95.17
5/14/2013,94.21,94.21
5/15/2013,94.3,94.3
5/16/2013,95.218,95.218
5/17/2013,96.128,96.128
5/20/2013,96.842,96.842
5/21/2013,96.176,96.176
5/22/2013,94.28,94.28
5/23/2013,94.25,94.25
5/24/2013,94.15,94.15
5/28/2013,95.01,95.01
5/29/2013,93.13,93.13
5/30/2013,93.61,93.61
5/31/2013,91.97,91.97
6/3/2013,93.45,93.45
6/4/2013,93.31,93.31
6/5/2013,93.74,93.74
6/6/2013,94.76,94.76
6/7/2013,96.03,96.03
6/10/2013,95.77,95.77
6/11/2013,95.38,95.38
6/12/2013,95.88,95.88
6/13/2013,96.69,96.69
6/14/2013,97.85,97.85
6/17/2013,97.822,97.822
6/18/2013,98.532,98.532
6/19/2013,98.384,98.384
6/20/2013,95.192,95.192
6/21/2013,93.69,93.69
6/24/2013,95.18,95.18
6/25/2013,95.32,95.32
6/26/2013,95.5,95.5
6/27/2013,97.05,97.05
6/28/2013,96.56,96.56
7/1/2013,97.99,97.99
7/2/2013,99.6,99.6
7/3/2013,101.24,101.24
7/5/2013,103.22,103.22
7/8/2013,103.14,103.14
7/9/2013,103.53,103.53
7/10/2013,106.52,106.52
7/11/2013,104.91,104.91
7/12/2013,105.95,105.95
7/15/2013,106.32,106.32
7/16/2013,106,106
7/17/2013,106.454,106.454
7/18/2013,107.948,107.948
7/19/2013,107.942,107.942
7/22/2013,106.934,106.934
7/23/2013,107.23,107.23
7/24/2013,105.39,105.39
7/25/2013,105.49,105.49
7/26/2013,104.7,104.7
7/29/2013,104.55,104.55
7/30/2013,103.08,103.08
7/31/2013,105.03,105.03
8/1/2013,107.89,107.89
8/2/2013,106.94,106.94
8/5/2013,106.56,106.56
8/6/2013,105.3,105.3
8/7/2013,104.37,104.37
8/8/2013,103.4,103.4
8/9/2013,105.97,105.97
8/12/2013,106.11,106.11
8/13/2013,106.83,106.83
8/14/2013,106.85,106.85
8/15/2013,107.302,107.302
8/16/2013,107.392,107.392
8/19/2013,106.956,106.956
8/20/2013,105.08,105.08
8/21/2013,103.85,103.85
8/22/2013,105.03,105.03
8/23/2013,106.42,106.42
8/26/2013,105.92,105.92
8/27/2013,109.01,109.01
8/28/2013,110.1,110.1
8/29/2013,108.8,108.8
8/30/2013,107.65,107.65
9/3/2013,108.54,108.54
9/4/2013,107.23,107.23
9/5/2013,108.37,108.37
9/6/2013,110.53,110.53
9/9/2013,109.52,109.52
9/10/2013,107.39,107.39
9/11/2013,107.56,107.56
9/12/2013,108.6,108.6
9/13/2013,108.21,108.21
9/16/2013,106.59,106.59
9/17/2013,105.3,105.3
9/18/2013,107.754,107.754
9/19/2013,106.072,106.072
9/20/2013,104.734,104.734
9/23/2013,103.59,103.59
9/24/2013,103.13,103.13
9/25/2013,102.66,102.66
9/26/2013,103.03,103.03
9/27/2013,102.87,102.87
9/30/2013,102.33,102.33
10/1/2013,102.04,102.04
10/2/2013,104.1,104.1
10/3/2013,103.31,103.31
10/4/2013,103.84,103.84
10/7/2013,103.03,103.03
10/8/2013,103.49,103.49
10/9/2013,101.61,101.61
10/10/2013,103.01,103.01
10/11/2013,102.02,102.02
10/14/2013,102.41,102.41
10/15/2013,101.21,101.21
10/16/2013,102.29,102.29
10/17/2013,100.71,100.71
10/18/2013,100.93,100.93
10/21/2013,99.496,99.496
10/22/2013,98.2,98.2
10/23/2013,96.86,96.86
10/24/2013,97.11,97.11
10/25/2013,97.85,97.85
10/28/2013,98.68,98.68
10/29/2013,98.2,98.2
10/30/2013,96.77,96.77
10/31/2013,96.38,96.38
11/1/2013,94.61,94.61
11/4/2013,94.62,94.62
11/5/2013,93.37,93.37
11/6/2013,94.8,94.8
11/7/2013,94.2,94.2
11/8/2013,94.6,94.6
11/11/2013,95.14,95.14
11/12/2013,93.04,93.04
11/13/2013,93.88,93.88
11/14/2013,93.76,93.76
11/15/2013,93.97,93.97
11/18/2013,93.29,93.29
11/19/2013,93.67,93.67
11/20/2013,93.746,93.746
11/21/2013,95.44,95.44
11/22/2013,94.84,94.84
11/25/2013,94.09,94.09
11/26/2013,93.68,93.68
11/27/2013,92.3,92.3
11/29/2013,92.72,92.72
12/2/2013,93.82,93.82
12/3/2013,96.04,96.04
12/4/2013,97.2,97.2
12/5/2013,97.38,97.38
12/6/2013,97.65,97.65
12/9/2013,97.34,97.34
12/10/2013,98.51,98.51
12/11/2013,97.44,97.44
12/12/2013,97.5,97.5
12/13/2013,96.6,96.6
12/16/2013,97.538,97.538
12/17/2013,97.32,97.32
12/18/2013,97.956,97.956
12/19/2013,98.986,98.986
12/20/2013,99.32,99.32
12/23/2013,98.91,98.91
12/24/2013,99.22,99.22
12/26/2013,99.55,99.55
12/27/2013,100.32,100.32
12/30/2013,99.29,99.29
12/31/2013,98.42,98.42
1/2/2014,95.44,95.44
1/3/2014,93.96,93.96
1/6/2014,93.43,93.43
1/7/2014,93.67,93.67
1/8/2014,92.33,92.33
1/9/2014,91.66,91.66
1/10/2014,92.72,92.72
1/13/2014,91.8,91.8
1/14/2014,92.59,92.59
1/15/2014,94.206,94.206
1/16/2014,94.016,94.016
1/17/2014,94.502,94.502
1/21/2014,94.974,94.974
1/22/2014,96.73,96.73
1/23/2014,97.32,97.32
1/24/2014,96.64,96.64
1/27/2014,95.72,95.72
1/28/2014,97.41,97.41
1/29/2014,97.36,97.36
1/30/2014,98.23,98.23
1/31/2014,97.49,97.49
2/3/2014,96.43,96.43
2/4/2014,97.19,97.19
2/5/2014,97.38,97.38
2/6/2014,97.84,97.84
2/7/2014,99.88,99.88
2/10/2014,100.06,100.06
2/11/2014,99.94,99.94
2/12/2014,100.37,100.37
2/13/2014,100.35,100.35
2/14/2014,100.266,100.266
2/18/2014,102.298,102.298
2/19/2014,103.028,103.028
2/20/2014,102.784,102.784
2/21/2014,102.2,102.2
2/24/2014,102.82,102.82
2/25/2014,101.83,101.83
2/26/2014,102.59,102.59
2/27/2014,102.4,102.4
2/28/2014,102.59,102.59
3/3/2014,104.92,104.92
3/4/2014,103.33,103.33
3/5/2014,101.45,101.45
3/6/2014,101.56,101.56
3/7/2014,102.58,102.58
3/10/2014,101.12,101.12
3/11/2014,100.03,100.03
3/12/2014,97.99,97.99
3/13/2014,98.2,98.2
3/14/2014,98.89,98.89
3/17/2014,97.988,97.988
3/18/2014,99.372,99.372
3/19/2014,99.65,99.65
3/20/2014,99.006,99.006
3/21/2014,99.46,99.46
3/24/2014,99.6,99.6
3/25/2014,99.19,99.19
3/26/2014,100.26,100.26
3/27/2014,101.28,101.28
3/28/2014,101.67,101.67
3/31/2014,101.58,101.58
4/1/2014,99.74,99.74
4/2/2014,99.62,99.62
4/3/2014,100.29,100.29
4/4/2014,101.14,101.14
4/7/2014,100.44,100.44
4/8/2014,102.56,102.56
4/9/2014,103.6,103.6
4/10/2014,103.4,103.4
4/11/2014,103.74,103.74
4/14/2014,104.05,104.05
4/15/2014,103.75,103.75
4/16/2014,103.614,103.614
4/17/2014,103.928,103.928
4/21/2014,103.938,103.938
4/22/2014,101.826,101.826
4/23/2014,101.44,101.44
4/24/2014,101.94,101.94
4/25/2014,100.6,100.6
4/28/2014,100.84,100.84
4/29/2014,101.28,101.28
4/30/2014,99.74,99.74
5/1/2014,99.42,99.42
5/2/2014,99.76,99.76
5/5/2014,99.48,99.48
5/6/2014,99.5,99.5
5/7/2014,100.77,100.77
5/8/2014,100.26,100.26
5/9/2014,99.99,99.99
5/12/2014,100.59,100.59
5/13/2014,101.7,101.7
5/14/2014,102.37,102.37
5/15/2014,101.426,101.426
5/16/2014,101.844,101.844
5/19/2014,102.31,102.31
5/20/2014,102.352,102.352
5/21/2014,104.07,104.07
5/22/2014,103.74,103.74
5/23/2014,104.35,104.35
5/27/2014,104.11,104.11
5/28/2014,102.72,102.72
5/29/2014,103.58,103.58
5/30/2014,102.71,102.71
6/2/2014,102.47,102.47
6/3/2014,102.66,102.66
6/4/2014,102.64,102.64
6/5/2014,102.48,102.48
6/6/2014,102.66,102.66
6/9/2014,104.41,104.41
6/10/2014,104.35,104.35
6/11/2014,104.4,104.4
6/12/2014,106.53,106.53
6/13/2014,106.91,106.91
6/16/2014,106.9,106.9
6/17/2014,106.262,106.262
6/18/2014,105.818,105.818
6/19/2014,106.202,106.202
6/20/2014,106.916,106.916
6/23/2014,106.17,106.17
6/24/2014,106.03,106.03
6/25/2014,106.5,106.5
6/26/2014,105.84,105.84
6/27/2014,105.74,105.74
6/30/2014,105.37,105.37
7/1/2014,105.34,105.34
7/2/2014,104.48,104.48
7/3/2014,104.06,104.06
7/7/2014,103.53,103.53
7/8/2014,103.4,103.4
7/9/2014,102.29,102.29
7/10/2014,102.93,102.93
7/11/2014,100.83,100.83
7/14/2014,100.91,100.91
7/15/2014,99.96,99.96
7/16/2014,101.2,101.2
7/17/2014,102.992,102.992
7/18/2014,102.658,102.658
7/21/2014,103.552,103.552
7/22/2014,102.796,102.796
7/23/2014,103.12,103.12
7/24/2014,102.07,102.07
7/25/2014,102.09,102.09
7/28/2014,101.67,101.67
7/29/2014,100.97,100.97
7/30/2014,100.27,100.27
7/31/2014,98.17,98.17
8/1/2014,97.88,97.88
8/4/2014,98.29,98.29
8/5/2014,97.38,97.38
8/6/2014,96.92,96.92
8/7/2014,97.34,97.34
8/8/2014,97.65,97.65
8/11/2014,98.08,98.08
8/12/2014,97.37,97.37
8/13/2014,97.59,97.59
8/14/2014,95.58,95.58
8/15/2014,96.944,96.944
8/18/2014,95.346,95.346
8/19/2014,93.508,93.508
8/20/2014,93.974,93.974
8/21/2014,93.96,93.96
8/22/2014,93.65,93.65
8/25/2014,93.35,93.35
8/26/2014,93.86,93.86
8/27/2014,93.88,93.88
8/28/2014,94.55,94.55
8/29/2014,95.96,95.96
9/2/2014,92.88,92.88
9/3/2014,95.54,95.54
9/4/2014,94.45,94.45
9/5/2014,93.29,93.29
9/8/2014,92.66,92.66
9/9/2014,92.75,92.75
9/10/2014,91.67,91.67
9/11/2014,92.83,92.83
9/12/2014,92.27,92.27
9/15/2014,92.92,92.92
9/16/2014,94.88,94.88
9/17/2014,94.176,94.176
9/18/2014,92.634,92.634
9/19/2014,91.954,91.954
9/22/2014,91,91
9/23/2014,91.56,91.56
9/24/2014,92.8,92.8
9/25/2014,92.53,92.53
9/26/2014,93.54,93.54
9/29/2014,94.57,94.57
9/30/2014,91.16,91.16
10/1/2014,90.73,90.73
10/2/2014,91.01,91.01
10/3/2014,89.74,89.74
10/6/2014,90.34,90.34
10/7/2014,88.85,88.85
10/8/2014,87.31,87.31
10/9/2014,85.77,85.77
10/10/2014,85.82,85.82
10/13/2014,85.74,85.74
10/14/2014,81.84,81.84
10/15/2014,81.78,81.78
10/16/2014,82.55,82.55
10/17/2014,82.474,82.474
10/20/2014,82.23,82.23
10/21/2014,82.554,82.554
10/22/2014,80.52,80.52
10/23/2014,82.09,82.09
10/24/2014,81.01,81.01
10/27/2014,81,81
10/28/2014,81.42,81.42
10/29/2014,82.2,82.2
10/30/2014,81.12,81.12
10/31/2014,80.54,80.54
11/3/2014,78.78,78.78
11/4/2014,77.19,77.19
11/5/2014,78.68,78.68
11/6/2014,77.91,77.91
11/7/2014,78.65,78.65
11/10/2014,77.4,77.4
11/11/2014,77.94,77.94
11/12/2014,77.18,77.18
11/13/2014,74.21,74.21
11/14/2014,75.82,75.82
11/17/2014,75.644,75.644
11/18/2014,74.622,74.622
11/19/2014,74.532,74.532
11/20/2014,75.796,75.796
11/21/2014,76.51,76.51
11/24/2014,75.78,75.78
11/25/2014,74.09,74.09
11/26/2014,73.69,73.69
11/28/2014,66.15,66.15
12/1/2014,69,69
12/2/2014,66.88,66.88
12/3/2014,67.38,67.38
12/4/2014,66.81,66.81
12/5/2014,65.84,65.84
12/8/2014,63.05,63.05
12/9/2014,63.82,63.82
12/10/2014,60.94,60.94
12/11/2014,59.95,59.95
12/12/2014,57.81,57.81
12/15/2014,55.91,55.91
12/16/2014,55.996,55.996
12/17/2014,56.598,56.598
12/18/2014,54.26,54.26
12/19/2014,57.008,57.008
12/22/2014,55.26,55.26
12/23/2014,57.12,57.12
12/24/2014,55.84,55.84
12/26/2014,54.73,54.73
12/29/2014,53.61,53.61
12/30/2014,54.12,54.12
12/31/2014,53.27,53.27
1/2/2015,52.69,52.69
1/5/2015,50.04,50.04
1/6/2015,47.93,47.93
1/7/2015,48.65,48.65
1/8/2015,48.79,48.79
1/9/2015,48.36,48.36
1/12/2015,46.07,46.07
1/13/2015,45.89,45.89
1/14/2015,48.576,48.576
1/15/2015,46.442,46.442
1/16/2015,48.954,48.954
1/20/2015,46.454,46.454
1/21/2015,47.78,47.78
1/22/2015,46.31,46.31
1/23/2015,45.59,45.59
1/26/2015,45.15,45.15
1/27/2015,46.23,46.23
1/28/2015,44.45,44.45
1/29/2015,44.53,44.53
1/30/2015,48.24,48.24
2/2/2015,49.57,49.57
2/3/2015,53.05,53.05
2/4/2015,48.45,48.45
2/5/2015,50.48,50.48
2/6/2015,51.69,51.69
2/9/2015,52.86,52.86
2/10/2015,50.02,50.02
2/11/2015,48.84,48.84
2/12/2015,51.21,51.21
2/13/2015,52.78,52.78
2/17/2015,53.682,53.682
2/18/2015,52.412,52.412
2/19/2015,51.562,51.562
2/20/2015,50.716,50.716
2/23/2015,49.45,49.45
2/24/2015,49.28,49.28
2/25/2015,50.99,50.99
2/26/2015,48.17,48.17
2/27/2015,49.76,49.76
3/2/2015,49.59,49.59
3/3/2015,50.52,50.52
3/4/2015,51.53,51.53
3/5/2015,50.76,50.76
3/6/2015,49.61,49.61
3/9/2015,50,50
3/10/2015,48.29,48.29
3/11/2015,48.17,48.17
3/12/2015,47.05,47.05
3/13/2015,44.84,44.84
3/16/2015,43.88,43.88
3/17/2015,43.806,43.806
3/18/2015,45.456,45.456
3/19/2015,44.902,44.902
3/20/2015,46.4,46.4
3/23/2015,47.45,47.45
3/24/2015,47.51,47.51
3/25/2015,49.21,49.21
3/26/2015,51.43,51.43
3/27/2015,48.87,48.87
3/30/2015,48.68,48.68
3/31/2015,47.6,47.6
4/1/2015,50.09,50.09
4/2/2015,49.14,49.14
4/6/2015,52.14,52.14
4/7/2015,53.98,53.98
4/8/2015,50.42,50.42
4/9/2015,50.79,50.79
4/10/2015,51.64,51.64
4/13/2015,51.91,51.91
4/14/2015,53.29,53.29
4/15/2015,56.39,56.39
4/16/2015,56.99,56.99
4/17/2015,56.372,56.372
4/20/2015,57.28,57.28
4/21/2015,56.34,56.34
4/22/2015,56.16,56.16
4/23/2015,57.74,57.74
4/24/2015,57.15,57.15
4/27/2015,56.99,56.99
4/28/2015,57.06,57.06
4/29/2015,58.58,58.58
4/30/2015,59.63,59.63
5/1/2015,59.15,59.15
5/4/2015,58.93,58.93
5/5/2015,60.4,60.4
5/6/2015,60.93,60.93
5/7/2015,58.94,58.94
5/8/2015,59.39,59.39
5/11/2015,59.25,59.25
5/12/2015,60.75,60.75
5/13/2015,60.5,60.5
5/14/2015,60.072,60.072
5/15/2015,60.03,60.03
5/18/2015,59.916,59.916
5/19/2015,57.844,57.844
5/20/2015,58.98,58.98
5/21/2015,60.72,60.72
5/22/2015,59.72,59.72
5/26/2015,58.03,58.03
5/27/2015,57.51,57.51
5/28/2015,57.68,57.68
5/29/2015,60.3,60.3
6/1/2015,60.2,60.2
6/2/2015,61.26,61.26
6/3/2015,59.64,59.64
6/4/2015,58,58
6/5/2015,59.13,59.13
6/8/2015,58.14,58.14
6/9/2015,60.14,60.14
6/10/2015,61.43,61.43
6/11/2015,60.77,60.77
6/12/2015,59.96,59.96
6/15/2015,59.52,59.52
6/16/2015,59.97,59.97
6/17/2015,60.002,60.002
6/18/2015,60.598,60.598
6/19/2015,59.826,59.826
6/22/2015,60.24,60.24
6/23/2015,61.01,61.01
6/24/2015,60.27,60.27
6/25/2015,59.7,59.7
6/26/2015,59.63,59.63
6/29/2015,58.33,58.33
6/30/2015,59.47,59.47
7/1/2015,56.96,56.96
7/2/2015,56.93,56.93
7/6/2015,52.53,52.53
7/7/2015,52.33,52.33
7/8/2015,51.65,51.65
7/9/2015,52.78,52.78
7/10/2015,52.74,52.74
7/13/2015,52.2,52.2
7/14/2015,53.04,53.04
7/15/2015,51.41,51.41
7/16/2015,50.976,50.976
7/17/2015,51.018,51.018
7/20/2015,50.324,50.324
7/21/2015,50.76,50.76
7/22/2015,49.19,49.19
7/23/2015,48.45,48.45
7/24/2015,48.14,48.14
7/27/2015,47.39,47.39
7/28/2015,47.98,47.98
7/29/2015,48.79,48.79
7/30/2015,48.52,48.52
7/31/2015,47.12,47.12
8/3/2015,45.17,45.17
8/4/2015,45.74,45.74
8/5/2015,45.15,45.15
8/6/2015,44.66,44.66
8/7/2015,43.87,43.87
8/10/2015,44.96,44.96
8/11/2015,43.08,43.08
8/12/2015,43.3,43.3
8/13/2015,42.23,42.23
8/14/2015,42.5,42.5
8/17/2015,41.978,41.978
8/18/2015,42.82,42.82
8/19/2015,41.082,41.082
8/20/2015,41.284,41.284
8/21/2015,40.45,40.45
8/24/2015,38.24,38.24
8/25/2015,39.31,39.31
8/26/2015,38.6,38.6
8/27/2015,42.56,42.56
8/28/2015,45.22,45.22
8/31/2015,49.2,49.2
9/1/2015,45.41,45.41
9/2/2015,46.25,46.25
9/3/2015,46.75,46.75
9/4/2015,46.05,46.05
9/8/2015,45.94,45.94
9/9/2015,44.15,44.15
9/10/2015,45.92,45.92
9/11/2015,44.63,44.63
9/14/2015,44,44
9/15/2015,44.59,44.59
9/16/2015,47.15,47.15
9/17/2015,46.96,46.96
9/18/2015,44.816,44.816
9/21/2015,46.848,46.848
9/22/2015,46.254,46.254
9/23/2015,44.48,44.48
9/24/2015,44.91,44.91
9/25/2015,45.7,45.7
9/28/2015,44.43,44.43
9/29/2015,45.23,45.23
9/30/2015,45.09,45.09
10/1/2015,44.74,44.74
10/2/2015,45.54,45.54
10/5/2015,46.26,46.26
10/6/2015,48.53,48.53
10/7/2015,47.81,47.81
10/8/2015,49.43,49.43
10/9/2015,49.63,49.63
10/12/2015,47.1,47.1
10/13/2015,46.66,46.66
10/14/2015,46.64,46.64
10/15/2015,46.478,46.478
10/16/2015,47.444,47.444
10/19/2015,46.124,46.124
10/20/2015,46.142,46.142
10/21/2015,45.2,45.2
10/22/2015,45.38,45.38
10/23/2015,44.6,44.6
10/26/2015,43.98,43.98
10/27/2015,43.2,43.2
10/28/2015,45.94,45.94
10/29/2015,46.06,46.06
10/30/2015,46.59,46.59
11/2/2015,46.14,46.14
11/3/2015,47.9,47.9
11/4/2015,46.32,46.32
11/5/2015,45.2,45.2
11/6/2015,44.29,44.29
11/9/2015,43.87,43.87
11/10/2015,44.21,44.21
11/11/2015,42.93,42.93
11/12/2015,41.75,41.75
11/13/2015,40.74,40.74
11/16/2015,41.74,41.74
11/17/2015,40.878,40.878
11/18/2015,41.23,41.23
11/19/2015,41.248,41.248
11/20/2015,41.598,41.598
11/23/2015,41.75,41.75
11/24/2015,42.87,42.87
11/25/2015,43.04,43.04
11/27/2015,41.71,41.71
11/30/2015,41.65,41.65
12/1/2015,41.85,41.85
12/2/2015,39.94,39.94
12/3/2015,41.08,41.08
12/4/2015,39.97,39.97
12/7/2015,37.65,37.65
12/8/2015,37.51,37.51
12/9/2015,37.16,37.16
12/10/2015,36.76,36.76
12/11/2015,35.62,35.62
12/14/2015,36.31,36.31
12/15/2015,37.35,37.35
12/16/2015,35.766,35.766
12/17/2015,35.478,35.478
12/18/2015,35.528,35.528
12/21/2015,35.596,35.596
12/22/2015,36.14,36.14
12/23/2015,37.5,37.5
12/24/2015,38.1,38.1
12/28/2015,36.81,36.81
12/29/2015,37.87,37.87
12/30/2015,36.6,36.6
12/31/2015,37.04,37.04
1/4/2016,36.76,36.76
1/5/2016,35.97,35.97
1/6/2016,33.97,33.97
1/7/2016,33.27,33.27
1/8/2016,33.16,33.16
1/11/2016,31.41,31.41
1/12/2016,30.44,30.44
1/13/2016,30.48,30.48
1/14/2016,31.382,31.382
1/15/2016,29.808,29.808
1/19/2016,29.126,29.126
1/20/2016,27.99,27.99
1/21/2016,29.53,29.53
1/22/2016,32.19,32.19
1/25/2016,30.34,30.34
1/26/2016,31.45,31.45
1/27/2016,32.3,32.3
1/28/2016,33.22,33.22
1/29/2016,33.62,33.62
2/1/2016,31.62,31.62
2/2/2016,29.88,29.88
2/3/2016,32.28,32.28
2/4/2016,31.72,31.72
2/5/2016,30.89,30.89
2/8/2016,29.69,29.69
2/9/2016,27.94,27.94
2/10/2016,27.45,27.45
2/11/2016,26.21,26.21
2/12/2016,29.44,29.44
2/16/2016,29.04,29.04
2/17/2016,31.124,31.124
2/18/2016,31.634,31.634
2/19/2016,30.906,30.906
2/22/2016,33.008,33.008
2/23/2016,31.87,31.87
2/24/2016,32.15,32.15
2/25/2016,33.07,33.07
2/26/2016,32.78,32.78
2/29/2016,33.75,33.75
3/1/2016,34.4,34.4
3/2/2016,34.66,34.66
3/3/2016,34.57,34.57
3/4/2016,35.92,35.92
3/7/2016,37.9,37.9
3/8/2016,36.5,36.5
3/9/2016,38.29,38.29
3/10/2016,37.84,37.84
3/11/2016,38.5,38.5
3/14/2016,37.18,37.18
3/15/2016,36.34,36.34
3/16/2016,38.768,38.768
3/17/2016,40.784,40.784
3/18/2016,40.46,40.46
3/21/2016,41.198,41.198
3/22/2016,41.45,41.45
3/23/2016,39.79,39.79
3/24/2016,39.46,39.46
3/28/2016,39.39,39.39
3/29/2016,38.28,38.28
3/30/2016,38.32,38.32
3/31/2016,38.34,38.34
4/1/2016,36.79,36.79
4/4/2016,35.7,35.7
4/5/2016,35.89,35.89
4/6/2016,37.75,37.75
4/7/2016,37.26,37.26
4/8/2016,39.72,39.72
4/11/2016,40.36,40.36
4/12/2016,42.17,42.17
4/13/2016,41.76,41.76
4/14/2016,41.5,41.5
4/15/2016,40.63,40.63
4/18/2016,40.344,40.344
4/19/2016,41.914,41.914
4/20/2016,43.87,43.87
4/21/2016,43.18,43.18
4/22/2016,43.73,43.73
4/25/2016,42.64,42.64
4/26/2016,44.04,44.04
4/27/2016,45.33,45.33
4/28/2016,46.03,46.03
4/29/2016,45.92,45.92
5/2/2016,44.78,44.78
5/3/2016,43.65,43.65
5/4/2016,43.78,43.78
5/5/2016,44.32,44.32
5/6/2016,44.66,44.66
5/9/2016,43.44,43.44
5/10/2016,44.66,44.66
5/11/2016,46.23,46.23
5/12/2016,46.7,46.7
5/13/2016,46.21,46.21
5/16/2016,47.72,47.72
5/17/2016,48.446,48.446
5/18/2016,48.426,48.426
5/19/2016,48.466,48.466
5/20/2016,48.278,48.278
5/23/2016,48.08,48.08
5/24/2016,48.62,48.62
5/25/2016,49.56,49.56
5/26/2016,49.48,49.48
5/27/2016,49.33,49.33
5/31/2016,49.1,49.1
6/1/2016,49.01,49.01
6/2/2016,49.17,49.17
6/3/2016,48.62,48.62
6/6/2016,49.69,49.69
6/7/2016,50.36,50.36
6/8/2016,51.23,51.23
6/9/2016,50.56,50.56
6/10/2016,49.07,49.07
6/13/2016,48.88,48.88
6/14/2016,48.49,48.49
6/15/2016,48.01,48.01
6/16/2016,46.316,46.316
6/17/2016,48.212,48.212
6/20/2016,49.724,49.724
6/21/2016,49.65,49.65
6/22/2016,49.13,49.13
6/23/2016,50.11,50.11
6/24/2016,47.64,47.64
6/27/2016,46.33,46.33
6/28/2016,47.85,47.85
6/29/2016,49.88,49.88
6/30/2016,48.33,48.33
7/1/2016,48.99,48.99
7/5/2016,46.6,46.6
7/6/2016,47.43,47.43
7/7/2016,45.14,45.14
7/8/2016,45.41,45.41
7/11/2016,44.76,44.76
7/12/2016,46.8,46.8
7/13/2016,44.75,44.75
7/14/2016,45.68,45.68
7/15/2016,46.09,46.09
7/18/2016,45.52,45.52
7/19/2016,45.13,45.13
7/20/2016,45.588,45.588
7/21/2016,44.75,44.75
7/22/2016,44.19,44.19
7/25/2016,43.13,43.13
7/26/2016,42.92,42.92
7/27/2016,41.92,41.92
7/28/2016,41.14,41.14
7/29/2016,41.6,41.6
8/1/2016,40.06,40.06
8/2/2016,39.51,39.51
8/3/2016,40.83,40.83
8/4/2016,41.93,41.93
8/5/2016,41.8,41.8
8/8/2016,43.02,43.02
8/9/2016,42.77,42.77
8/10/2016,41.71,41.71
8/11/2016,43.49,43.49
8/12/2016,44.49,44.49
8/15/2016,45.74,45.74
8/16/2016,46.58,46.58
8/17/2016,46.936,46.936
8/18/2016,48.488,48.488
8/19/2016,48.874,48.874
8/22/2016,47.338,47.338
8/23/2016,48.1,48.1
8/24/2016,46.77,46.77
8/25/2016,47.33,47.33
8/26/2016,47.64,47.64
8/29/2016,46.98,46.98
8/30/2016,46.35,46.35
8/31/2016,44.7,44.7
9/1/2016,43.16,43.16
9/2/2016,44.44,44.44
9/6/2016,44.83,44.83
9/7/2016,45.5,45.5
9/8/2016,47.62,47.62
9/9/2016,45.88,45.88
9/12/2016,46.29,46.29
9/13/2016,44.9,44.9
9/14/2016,43.58,43.58
9/15/2016,44.032,44.032
9/16/2016,43.266,43.266
9/19/2016,43.636,43.636
9/20/2016,43.928,43.928
9/21/2016,45.34,45.34
9/22/2016,46.32,46.32
9/23/2016,44.48,44.48
9/26/2016,45.93,45.93
9/27/2016,44.67,44.67
9/28/2016,47.05,47.05
9/29/2016,47.83,47.83
9/30/2016,48.24,48.24
10/3/2016,48.81,48.81
10/4/2016,48.69,48.69
10/5/2016,49.83,49.83
10/6/2016,50.44,50.44
10/7/2016,49.81,49.81
10/10/2016,51.35,51.35
10/11/2016,50.79,50.79
10/12/2016,50.18,50.18
10/13/2016,50.44,50.44
10/14/2016,50.35,50.35
10/17/2016,50.026,50.026
10/18/2016,50.422,50.422
10/19/2016,51.732,51.732
10/20/2016,50.59,50.59
10/21/2016,50.85,50.85
10/24/2016,50.52,50.52
10/25/2016,49.96,49.96
10/26/2016,49.18,49.18
10/27/2016,49.72,49.72
10/28/2016,48.7,48.7
10/31/2016,46.86,46.86
11/1/2016,46.67,46.67
11/2/2016,45.34,45.34
11/3/2016,44.66,44.66
11/4/2016,44.07,44.07
11/7/2016,44.89,44.89
11/8/2016,44.98,44.98
11/9/2016,45.27,45.27
11/10/2016,44.66,44.66
11/11/2016,43.41,43.41
11/14/2016,43.32,43.32
11/15/2016,45.81,45.81
11/16/2016,45.676,45.676
11/17/2016,45.644,45.644
11/18/2016,46.092,46.092
11/21/2016,48.09,48.09
11/22/2016,48.03,48.03
11/23/2016,47.96,47.96
11/25/2016,46.06,46.06
11/28/2016,47.08,47.08
11/29/2016,45.23,45.23
11/30/2016,49.44,49.44
12/1/2016,51.06,51.06
12/2/2016,51.68,51.68
12/5/2016,51.79,51.79
12/6/2016,50.93,50.93
12/7/2016,49.77,49.77
12/8/2016,50.84,50.84
12/9/2016,51.5,51.5
12/12/2016,52.83,52.83
12/13/2016,52.98,52.98
12/14/2016,51.04,51.04
12/15/2016,51.114,51.114
12/16/2016,52.32,52.32
12/19/2016,52.684,52.684
12/20/2016,53.086,53.086
12/21/2016,52.49,52.49
12/22/2016,52.95,52.95
12/23/2016,53.02,53.02
12/27/2016,53.9,53.9
12/28/2016,54.06,54.06
12/29/2016,53.77,53.77
12/30/2016,53.72,53.72
1/3/2017,52.33,52.33
1/4/2017,53.26,53.26
1/5/2017,53.76,53.76
1/6/2017,53.99,53.99
1/9/2017,51.96,51.96
1/10/2017,50.82,50.82
1/11/2017,52.25,52.25
1/12/2017,53.01,53.01
1/13/2017,52.37,52.37
1/17/2017,52.636,52.636
1/18/2017,51.404,51.404
1/19/2017,51.82,51.82
1/20/2017,53.06,53.06
1/23/2017,52.75,52.75
1/24/2017,53.18,53.18
1/25/2017,52.75,52.75
1/26/2017,53.78,53.78
1/27/2017,53.17,53.17
1/30/2017,52.63,52.63
1/31/2017,52.81,52.81
2/1/2017,53.88,53.88
2/2/2017,53.54,53.54
2/3/2017,53.83,53.83
2/6/2017,53.01,53.01
2/7/2017,52.17,52.17
2/8/2017,52.34,52.34
2/9/2017,53,53
2/10/2017,53.86,53.86
2/13/2017,52.93,52.93
2/14/2017,53.2,53.2
2/15/2017,53.208,53.208
2/16/2017,53.516,53.516
2/17/2017,53.628,53.628
2/21/2017,54.276,54.276
2/22/2017,53.59,53.59
2/23/2017,54.45,54.45
2/24/2017,53.99,53.99
2/27/2017,54.05,54.05
2/28/2017,54.01,54.01
3/1/2017,53.83,53.83
3/2/2017,52.61,52.61
3/3/2017,53.33,53.33
3/6/2017,53.2,53.2
3/7/2017,53.14,53.14
3/8/2017,50.28,50.28
3/9/2017,49.28,49.28
3/10/2017,48.49,48.49
3/13/2017,48.4,48.4
3/14/2017,47.72,47.72
3/15/2017,48.86,48.86
3/16/2017,48.848,48.848
3/17/2017,48.992,48.992
3/20/2017,48.634,48.634
3/21/2017,48.06,48.06
3/22/2017,48.04,48.04
3/23/2017,47.7,47.7
3/24/2017,47.97,47.97
3/27/2017,47.73,47.73
3/28/2017,48.37,48.37
3/29/2017,49.51,49.51
3/30/2017,50.35,50.35
3/31/2017,50.6,50.6
4/3/2017,50.24,50.24
4/4/2017,51.03,51.03
4/5/2017,51.15,51.15
4/6/2017,51.7,51.7
4/7/2017,52.24,52.24
4/10/2017,53.08,53.08
4/11/2017,53.4,53.4
4/12/2017,53.11,53.11
4/13/2017,53.18,53.18
4/17/2017,52.742,52.742
4/18/2017,52.586,52.586
4/19/2017,50.686,50.686
4/20/2017,50.622,50.622
4/21/2017,49.62,49.62
4/24/2017,49.23,49.23
4/25/2017,49.56,49.56
4/26/2017,49.62,49.62
4/27/2017,48.97,48.97
4/28/2017,49.33,49.33
5/1/2017,48.84,48.84
5/2/2017,47.66,47.66
5/3/2017,47.82,47.82
5/4/2017,45.52,45.52
5/5/2017,46.22,46.22
5/8/2017,46.43,46.43
5/9/2017,45.88,45.88
5/10/2017,47.33,47.33
5/11/2017,47.83,47.83
5/12/2017,47.84,47.84
5/15/2017,48.85,48.85
5/16/2017,48.66,48.66
5/17/2017,49.138,49.138
5/18/2017,49.474,49.474
5/19/2017,50.534,50.534
5/22/2017,51.05,51.05
5/23/2017,51.47,51.47
5/24/2017,51.36,51.36
5/25/2017,48.9,48.9
5/26/2017,49.8,49.8
5/30/2017,49.66,49.66
5/31/2017,48.32,48.32
6/1/2017,48.36,48.36
6/2/2017,47.66,47.66
6/5/2017,47.4,47.4
6/6/2017,48.19,48.19
6/7/2017,45.72,45.72
6/8/2017,45.64,45.64
6/9/2017,45.83,45.83
6/12/2017,46.08,46.08
6/13/2017,46.46,46.46
6/14/2017,44.73,44.73
6/15/2017,44.504,44.504
6/16/2017,44.832,44.832
6/19/2017,44.338,44.338
6/20/2017,43.454,43.454
6/21/2017,42.53,42.53
6/22/2017,42.74,42.74
6/23/2017,43.01,43.01
6/26/2017,43.38,43.38
6/27/2017,44.24,44.24
6/28/2017,44.74,44.74
6/29/2017,44.93,44.93
6/30/2017,46.04,46.04
7/3/2017,47.07,47.07
7/5/2017,45.13,45.13
7/6/2017,45.52,45.52
7/7/2017,44.23,44.23
7/10/2017,44.4,44.4
7/11/2017,45.04,45.04
7/12/2017,45.49,45.49
7/13/2017,46.08,46.08
7/14/2017,46.54,46.54
7/17/2017,46.062,46.062
7/18/2017,46.476,46.476
7/19/2017,47.24,47.24
7/20/2017,46.894,46.894
7/21/2017,45.77,45.77
7/24/2017,46.34,46.34
7/25/2017,47.89,47.89
7/26/2017,48.75,48.75
7/27/2017,49.04,49.04
7/28/2017,49.71,49.71
7/31/2017,50.17,50.17
8/1/2017,49.16,49.16
8/2/2017,49.59,49.59
8/3/2017,49.03,49.03
8/4/2017,49.58,49.58
8/7/2017,49.39,49.39
8/8/2017,49.17,49.17
8/9/2017,49.56,49.56
8/10/2017,48.59,48.59
8/11/2017,48.82,48.82
8/14/2017,47.59,47.59
8/15/2017,47.55,47.55
8/16/2017,46.78,46.78
8/17/2017,47.12,47.12
8/18/2017,48.57,48.57
8/21/2017,47.466,47.466
8/22/2017,47.792,47.792
8/23/2017,48.41,48.41
8/24/2017,47.43,47.43
8/25/2017,47.87,47.87
8/28/2017,46.57,46.57
8/29/2017,46.44,46.44
8/30/2017,45.96,45.96
8/31/2017,47.23,47.23
9/1/2017,47.29,47.29
9/5/2017,48.66,48.66
9/6/2017,49.16,49.16
9/7/2017,49.09,49.09
9/8/2017,47.48,47.48
9/11/2017,48.07,48.07
9/12/2017,48.23,48.23
9/13/2017,49.3,49.3
9/14/2017,49.89,49.89
9/15/2017,50,50
9/18/2017,50.086,50.086
9/19/2017,49.732,49.732
9/20/2017,50.634,50.634
9/21/2017,50.55,50.55
9/22/2017,50.66,50.66
9/25/2017,52.22,52.22
9/26/2017,51.88,51.88
9/27/2017,52.14,52.14
9/28/2017,51.56,51.56
9/29/2017,51.67,51.67
10/2/2017,50.58,50.58
10/3/2017,50.42,50.42
10/4/2017,49.98,49.98
10/5/2017,50.79,50.79
10/6/2017,49.29,49.29
10/9/2017,49.58,49.58
10/10/2017,50.92,50.92
10/11/2017,51.3,51.3
10/12/2017,50.6,50.6
10/13/2017,51.45,51.45
10/16/2017,51.87,51.87
10/17/2017,51.926,51.926
10/18/2017,52.128,52.128
10/19/2017,51.422,51.422
10/20/2017,51.766,51.766
10/23/2017,51.9,51.9
10/24/2017,52.47,52.47
10/25/2017,52.18,52.18
10/26/2017,52.64,52.64
10/27/2017,53.9,53.9
10/30/2017,54.15,54.15
10/31/2017,54.38,54.38
11/1/2017,54.3,54.3
11/2/2017,54.54,54.54
11/3/2017,55.64,55.64
11/6/2017,57.35,57.35
11/7/2017,57.2,57.2
11/8/2017,56.81,56.81
11/9/2017,57.17,57.17
11/10/2017,56.74,56.74
11/13/2017,56.76,56.76
11/14/2017,55.7,55.7
11/15/2017,55.368,55.368
11/16/2017,55.224,55.224
11/17/2017,56.646,56.646
11/20/2017,56.354,56.354
11/21/2017,56.83,56.83
11/22/2017,58.02,58.02
11/24/2017,58.95,58.95
11/27/2017,58.11,58.11
11/28/2017,57.99,57.99
11/29/2017,57.3,57.3
11/30/2017,57.4,57.4
12/1/2017,58.36,58.36
12/4/2017,57.47,57.47
12/5/2017,57.62,57.62
12/6/2017,55.96,55.96
12/7/2017,56.69,56.69
12/8/2017,57.36,57.36
12/11/2017,57.99,57.99
12/12/2017,57.14,57.14
12/13/2017,56.6,56.6
12/14/2017,57.048,57.048
12/15/2017,57.312,57.312
12/18/2017,57.196,57.196
12/19/2017,57.54,57.54
12/20/2017,58.09,58.09
12/21/2017,58.36,58.36
12/22/2017,58.47,58.47
12/26/2017,59.97,59.97
12/27/2017,59.64,59.64
12/28/2017,59.84,59.84
12/29/2017,60.42,60.42
1/2/2018,60.37,60.37
1/3/2018,61.63,61.63
1/4/2018,62.01,62.01
1/5/2018,61.44,61.44
1/8/2018,61.73,61.73
1/9/2018,62.96,62.96
1/10/2018,63.57,63.57
1/11/2018,63.8,63.8
1/12/2018,64.3,64.3
1/16/2018,63.73,63.73
1/17/2018,63.96,63.96
1/18/2018,63.926,63.926
1/19/2018,63.334,63.334
1/22/2018,63.554,63.554
1/23/2018,64.47,64.47
1/24/2018,65.61,65.61
1/25/2018,65.51,65.51
1/26/2018,66.14,66.14
1/29/2018,65.56,65.56
1/30/2018,64.5,64.5
1/31/2018,64.73,64.73
2/1/2018,65.8,65.8
2/2/2018,65.45,65.45
2/5/2018,64.15,64.15
2/6/2018,63.39,63.39
2/7/2018,61.79,61.79
2/8/2018,61.15,61.15
2/9/2018,59.2,59.2
2/12/2018,59.29,59.29
2/13/2018,59.19,59.19
2/14/2018,60.582,60.582
2/15/2018,61.272,61.272
2/16/2018,61.602,61.602
2/20/2018,61.812,61.812
2/21/2018,61.68,61.68
2/22/2018,62.77,62.77
2/23/2018,63.55,63.55
2/26/2018,63.91,63.91
2/27/2018,63.01,63.01
2/28/2018,61.64,61.64
3/1/2018,60.99,60.99
3/2/2018,61.25,61.25
3/5/2018,62.57,62.57
3/6/2018,62.6,62.6
3/7/2018,61.15,61.15
3/8/2018,60.12,60.12
3/9/2018,62.04,62.04
3/12/2018,61.36,61.36
3/13/2018,60.71,60.71
3/14/2018,60.96,60.96
3/15/2018,61.202,61.202
3/16/2018,62.368,62.368
3/19/2018,62.102,62.102
3/20/2018,63.512,63.512
3/21/2018,65.17,65.17
3/22/2018,64.3,64.3
3/23/2018,65.88,65.88
3/26/2018,65.55,65.55
3/27/2018,65.25,65.25
3/28/2018,64.38,64.38
3/29/2018,64.94,64.94
4/2/2018,63.01,63.01
4/3/2018,63.51,63.51
4/4/2018,63.37,63.37
4/5/2018,63.54,63.54
4/6/2018,62.06,62.06
4/9/2018,63.42,63.42
4/10/2018,65.51,65.51
4/11/2018,66.82,66.82
4/12/2018,67.07,67.07
4/13/2018,67.39,67.39
4/16/2018,66.22,66.22
4/17/2018,66.518,66.518
4/18/2018,68.47,68.47
4/19/2018,68.314,68.314
4/20/2018,68.396,68.396
4/23/2018,68.64,68.64
4/24/2018,67.7,67.7
4/25/2018,68.05,68.05
4/26/2018,68.19,68.19
4/27/2018,68.1,68.1
4/30/2018,68.57,68.57
5/1/2018,67.25,67.25
5/2/2018,67.93,67.93
5/3/2018,68.43,68.43
5/4/2018,69.72,69.72
5/7/2018,70.73,70.73
5/8/2018,69.06,69.06
5/9/2018,71.14,71.14
5/10/2018,71.36,71.36
5/11/2018,70.7,70.7
5/14/2018,70.96,70.96
5/15/2018,71.31,71.31
5/16/2018,71.49,71.49
5/17/2018,71.506,71.506
5/18/2018,71.316,71.316
5/21/2018,72.306,72.306
5/22/2018,72.186,72.186
5/23/2018,71.84,71.84
5/24/2018,70.71,70.71
5/25/2018,67.88,67.88
5/29/2018,66.73,66.73
5/30/2018,68.21,68.21
5/31/2018,67.04,67.04
6/1/2018,65.81,65.81
6/4/2018,64.75,64.75
6/5/2018,65.52,65.52
6/6/2018,64.73,64.73
6/7/2018,65.95,65.95
6/8/2018,65.74,65.74
6/11/2018,66.1,66.1
6/12/2018,66.36,66.36
6/13/2018,66.64,66.64
6/14/2018,66.89,66.89
6/15/2018,65.018,65.018
6/18/2018,65.786,65.786
6/19/2018,64.968,64.968
6/20/2018,65.812,65.812
6/21/2018,65.54,65.54
6/22/2018,68.58,68.58
6/25/2018,68.08,68.08
6/26/2018,70.53,70.53
6/27/2018,72.76,72.76
6/28/2018,73.45,73.45
6/29/2018,74.15,74.15
7/2/2018,73.94,73.94
7/3/2018,74.14,74.14
7/5/2018,72.94,72.94
7/6/2018,73.8,73.8
7/9/2018,73.85,73.85
7/10/2018,74.11,74.11
7/11/2018,70.38,70.38
7/12/2018,70.33,70.33
7/13/2018,71.01,71.01
7/16/2018,68.06,68.06
7/17/2018,67.896,67.896
7/18/2018,68.356,68.356
7/19/2018,68.728,68.728
7/20/2018,68.7,68.7
7/23/2018,67.89,67.89
7/24/2018,68.52,68.52
7/25/2018,69.3,69.3
7/26/2018,69.61,69.61
7/27/2018,68.69,68.69
7/30/2018,70.13,70.13
7/31/2018,68.76,68.76
8/1/2018,67.66,67.66
8/2/2018,68.96,68.96
8/3/2018,68.49,68.49
8/6/2018,69.01,69.01
8/7/2018,69.17,69.17
8/8/2018,66.94,66.94
8/9/2018,66.81,66.81
8/10/2018,67.63,67.63
8/13/2018,67.2,67.2
8/14/2018,67.04,67.04
8/15/2018,65.01,65.01
8/16/2018,65.344,65.344
8/17/2018,65.63,65.63
8/20/2018,65.824,65.824
8/21/2018,66.142,66.142
8/22/2018,67.86,67.86
8/23/2018,67.83,67.83
8/24/2018,68.72,68.72
8/27/2018,68.87,68.87
8/28/2018,68.53,68.53
8/29/2018,69.51,69.51
8/30/2018,70.25,70.25
8/31/2018,69.8,69.8
9/4/2018,69.87,69.87
9/5/2018,68.72,68.72
9/6/2018,67.77,67.77
9/7/2018,67.75,67.75
9/10/2018,67.54,67.54
9/11/2018,69.25,69.25
9/12/2018,70.37,70.37
9/13/2018,68.59,68.59
9/14/2018,68.99,68.99
9/17/2018,68.864,68.864
9/18/2018,69.746,69.746
9/19/2018,70.91,70.91
9/20/2018,70.416,70.416
9/21/2018,70.78,70.78
9/24/2018,72.08,72.08
9/25/2018,72.28,72.28
9/26/2018,71.57,71.57
9/27/2018,72.12,72.12
9/28/2018,73.25,73.25
10/1/2018,75.3,75.3
10/2/2018,75.23,75.23
10/3/2018,76.41,76.41
10/4/2018,74.33,74.33
10/5/2018,74.34,74.34
10/8/2018,74.29,74.29
10/9/2018,74.96,74.96
10/10/2018,73.17,73.17
10/11/2018,70.97,70.97
10/12/2018,71.34,71.34
10/15/2018,71.78,71.78
10/16/2018,71.92,71.92
10/17/2018,69.74,69.74
10/18/2018,68.674,68.674
10/19/2018,69.216,69.216
10/22/2018,69.322,69.322
10/23/2018,66.43,66.43
10/24/2018,66.82,66.82
10/25/2018,67.33,67.33
10/26/2018,67.59,67.59
10/29/2018,67.04,67.04
10/30/2018,66.18,66.18
10/31/2018,65.31,65.31
11/1/2018,63.69,63.69
11/2/2018,63.14,63.14
11/5/2018,63.1,63.1
11/6/2018,62.21,62.21
11/7/2018,61.67,61.67
11/8/2018,60.67,60.67
11/9/2018,60.19,60.19
11/12/2018,59.93,59.93
11/13/2018,55.69,55.69
11/14/2018,56.288,56.288
11/15/2018,56.548,56.548
11/16/2018,56.592,56.592
11/19/2018,57.112,57.112
11/20/2018,53.43,53.43
11/21/2018,54.63,54.63
11/23/2018,50.42,50.42
11/26/2018,51.63,51.63
11/27/2018,51.56,51.56
11/28/2018,50.29,50.29
11/29/2018,51.45,51.45
11/30/2018,50.93,50.93
12/3/2018,52.95,52.95
12/4/2018,53.25,53.25
12/5/2018,52.89,52.89
12/6/2018,51.49,51.49
12/7/2018,52.61,52.61
12/10/2018,51,51
12/11/2018,51.65,51.65
12/12/2018,51.15,51.15
12/13/2018,52.58,52.58
12/14/2018,51.254,51.254
12/17/2018,50.008,50.008
12/18/2018,46.456,46.456
12/19/2018,47.976,47.976
12/20/2018,45.88,45.88
12/21/2018,45.59,45.59
12/24/2018,42.53,42.53
12/26/2018,46.22,46.22
12/27/2018,44.61,44.61
12/28/2018,45.33,45.33
12/31/2018,45.41,45.41
1/2/2019,46.54,46.54
1/3/2019,47.09,47.09
1/4/2019,47.96,47.96
1/7/2019,48.52,48.52
1/8/2019,49.78,49.78
1/9/2019,52.36,52.36
1/10/2019,52.59,52.59
1/11/2019,51.59,51.59
1/14/2019,50.51,50.51
1/15/2019,52.11,52.11
1/16/2019,52.37,52.37
1/17/2019,52.186,52.186
1/18/2019,53.944,53.944
1/22/2019,52.922,52.922
1/23/2019,52.62,52.62
1/24/2019,53.13,53.13
1/25/2019,53.69,53.69
1/28/2019,51.99,51.99
1/29/2019,53.31,53.31
1/30/2019,54.23,54.23
1/31/2019,53.79,53.79
2/1/2019,55.26,55.26
2/4/2019,54.56,54.56
2/5/2019,53.66,53.66
2/6/2019,54.01,54.01
2/7/2019,52.64,52.64
2/8/2019,52.72,52.72
2/11/2019,52.41,52.41
2/12/2019,53.1,53.1
2/13/2019,53.9,53.9
2/14/2019,54.486,54.486
2/15/2019,55.746,55.746
2/19/2019,56.306,56.306
2/20/2019,57.112,57.112
2/21/2019,56.96,56.96
2/22/2019,57.26,57.26
2/25/2019,55.48,55.48
2/26/2019,55.5,55.5
2/27/2019,56.94,56.94
2/28/2019,57.22,57.22
3/1/2019,55.8,55.8
3/4/2019,56.59,56.59
3/5/2019,56.56,56.56
3/6/2019,56.22,56.22
3/7/2019,56.66,56.66
3/8/2019,56.07,56.07
3/11/2019,56.79,56.79
3/12/2019,56.87,56.87
3/13/2019,58.26,58.26
3/14/2019,58.61,58.61
3/15/2019,58.58,58.58
3/18/2019,59.206,59.206
3/19/2019,59.186,59.186
3/20/2019,60.15,60.15
3/21/2019,59.98,59.98
3/22/2019,59.04,59.04
3/25/2019,58.82,58.82
3/26/2019,59.94,59.94
3/27/2019,59.41,59.41
3/28/2019,59.3,59.3
3/29/2019,60.14,60.14
4/1/2019,61.59,61.59
4/2/2019,62.58,62.58
4/3/2019,62.46,62.46
4/4/2019,62.1,62.1
4/5/2019,63.08,63.08
4/8/2019,64.4,64.4
4/9/2019,63.98,63.98
4/10/2019,64.61,64.61
4/11/2019,63.58,63.58
4/12/2019,63.89,63.89
4/15/2019,63.4,63.4
4/16/2019,64.078,64.078
4/17/2019,63.804,63.804
4/18/2019,64.042,64.042
4/22/2019,65.58,65.58
4/23/2019,66.3,66.3
4/24/2019,65.89,65.89
4/25/2019,65.21,65.21
4/26/2019,63.3,63.3
4/29/2019,63.5,63.5
4/30/2019,63.91,63.91
5/1/2019,63.6,63.6
5/2/2019,61.81,61.81
5/3/2019,61.94,61.94
5/6/2019,62.25,62.25
5/7/2019,61.4,61.4
5/8/2019,62.12,62.12
5/9/2019,61.7,61.7
5/10/2019,61.66,61.66
5/13/2019,61.04,61.04
5/14/2019,61.78,61.78
5/15/2019,62.02,62.02
5/16/2019,62.908,62.908
5/17/2019,62.824,62.824
5/20/2019,63.166,63.166
5/21/2019,63.102,63.102
5/22/2019,61.42,61.42
5/23/2019,57.91,57.91
5/24/2019,58.63,58.63
5/28/2019,59.14,59.14
5/29/2019,58.81,58.81
5/30/2019,56.59,56.59
5/31/2019,53.5,53.5
6/3/2019,53.25,53.25
6/4/2019,53.48,53.48
6/5/2019,51.68,51.68
6/6/2019,52.59,52.59
6/7/2019,53.99,53.99
6/10/2019,53.26,53.26
6/11/2019,53.27,53.27
6/12/2019,51.14,51.14
6/13/2019,52.28,52.28
6/14/2019,52.51,52.51
6/17/2019,51.978,51.978
6/18/2019,53.984,53.984
6/19/2019,53.886,53.886
6/20/2019,56.986,56.986
6/21/2019,57.43,57.43
6/24/2019,57.9,57.9
6/25/2019,57.83,57.83
6/26/2019,59.38,59.38
6/27/2019,59.43,59.43
6/28/2019,58.47,58.47
7/1/2019,59.09,59.09
7/2/2019,56.25,56.25
7/3/2019,57.34,57.34
7/5/2019,57.51,57.51
7/8/2019,57.66,57.66
7/9/2019,57.83,57.83
7/10/2019,60.43,60.43
7/11/2019,60.2,60.2
7/12/2019,60.21,60.21
7/15/2019,59.58,59.58
7/16/2019,57.62,57.62
7/17/2019,56.808,56.808
7/18/2019,55.348,55.348
7/19/2019,55.708,55.708
7/22/2019,56.22,56.22
7/23/2019,56.77,56.77
7/24/2019,55.88,55.88
7/25/2019,56.02,56.02
7/26/2019,56.2,56.2
7/29/2019,56.87,56.87
7/30/2019,58.05,58.05
7/31/2019,58.58,58.58
8/1/2019,53.95,53.95
8/2/2019,55.66,55.66
8/5/2019,54.69,54.69
8/6/2019,53.63,53.63
8/7/2019,51.09,51.09
8/8/2019,52.54,52.54
8/9/2019,54.5,54.5
8/12/2019,54.93,54.93
8/13/2019,57.1,57.1
8/14/2019,55.23,55.23
8/15/2019,54.46,54.46
8/16/2019,54.846,54.846
8/19/2019,56.168,56.168
8/20/2019,56.172,56.172
8/21/2019,55.68,55.68
8/22/2019,55.35,55.35
8/23/2019,54.17,54.17
8/26/2019,53.64,53.64
8/27/2019,54.93,54.93
8/28/2019,55.78,55.78
8/29/2019,56.71,56.71
8/30/2019,55.1,55.1
9/3/2019,53.94,53.94
9/4/2019,56.26,56.26
9/5/2019,56.3,56.3
9/6/2019,56.52,56.52
9/9/2019,57.85,57.85
9/10/2019,57.4,57.4
9/11/2019,55.75,55.75
9/12/2019,55.09,55.09
9/13/2019,54.85,54.85
9/16/2019,62.9,62.9
9/17/2019,59.292,59.292
9/18/2019,58.082,58.082
9/19/2019,58.166,58.166
9/20/2019,58.09,58.09
9/23/2019,58.64,58.64
9/24/2019,57.29,57.29
9/25/2019,56.49,56.49
9/26/2019,56.41,56.41
9/27/2019,55.91,55.91
9/30/2019,54.07,54.07
10/1/2019,53.62,53.62
10/2/2019,52.64,52.64
10/3/2019,52.45,52.45
10/4/2019,52.81,52.81
10/7/2019,52.75,52.75
10/8/2019,52.63,52.63
10/9/2019,52.59,52.59
10/10/2019,53.55,53.55
10/11/2019,54.7,54.7
10/14/2019,53.59,53.59
10/15/2019,52.81,52.81
10/16/2019,53.36,53.36
10/17/2019,53.95,53.95
10/18/2019,53.816,53.816
10/21/2019,53.43,53.43
10/22/2019,54.416,54.416
10/23/2019,55.97,55.97
10/24/2019,56.23,56.23
10/25/2019,56.66,56.66
10/28/2019,55.81,55.81
10/29/2019,55.54,55.54
10/30/2019,55.06,55.06
10/31/2019,54.18,54.18
11/1/2019,56.2,56.2
11/4/2019,56.54,56.54
11/5/2019,57.23,57.23
11/6/2019,56.35,56.35
11/7/2019,57.15,57.15
11/8/2019,57.24,57.24
11/11/2019,56.86,56.86
11/12/2019,56.8,56.8
11/13/2019,57.12,57.12
11/14/2019,56.77,56.77
11/15/2019,57.742,57.742
11/18/2019,57.086,57.086
11/19/2019,55.294,55.294
11/20/2019,57.03,57.03
11/21/2019,58.58,58.58
11/22/2019,57.77,57.77
11/25/2019,58.01,58.01
11/26/2019,58.41,58.41
11/27/2019,58.11,58.11
11/29/2019,55.17,55.17
12/2/2019,55.96,55.96
12/3/2019,56.1,56.1
12/4/2019,58.43,58.43
12/5/2019,58.43,58.43
12/6/2019,59.2,59.2
12/9/2019,59.02,59.02
12/10/2019,59.24,59.24
12/11/2019,58.76,58.76
12/12/2019,59.18,59.18
12/13/2019,60.07,60.07
12/16/2019,60.196,60.196
12/17/2019,60.912,60.912
12/18/2019,60.882,60.882
12/19/2019,61.188,61.188
12/20/2019,60.44,60.44
12/23/2019,60.52,60.52
12/24/2019,61.11,61.11
12/26/2019,61.68,61.68
12/27/2019,61.72,61.72
12/30/2019,61.68,61.68
12/31/2019,61.06,61.06
1/2/2020,61.18,61.18
1/3/2020,63.05,63.05
1/6/2020,63.27,63.27
1/7/2020,62.7,62.7
1/8/2020,59.61,59.61
1/9/2020,59.56,59.56
1/10/2020,59.04,59.04
1/13/2020,58.08,58.08
1/14/2020,58.23,58.23
1/15/2020,57.816,57.816
1/16/2020,58.524,58.524
1/17/2020,58.564,58.564
1/21/2020,58.372,58.372
1/22/2020,56.74,56.74
1/23/2020,55.59,55.59
1/24/2020,54.19,54.19
1/27/2020,53.14,53.14
1/28/2020,53.48,53.48
1/29/2020,53.33,53.33
1/30/2020,52.14,52.14
1/31/2020,51.56,51.56
2/3/2020,50.11,50.11
2/4/2020,49.61,49.61
2/5/2020,50.75,50.75
2/6/2020,50.95,50.95
2/7/2020,50.32,50.32
2/10/2020,49.57,49.57
2/11/2020,49.94,49.94
2/12/2020,51.17,51.17
2/13/2020,51.42,51.42
2/14/2020,52.104,52.104
2/18/2020,52.146,52.146
2/19/2020,53.41,53.41
2/20/2020,53.86,53.86
2/21/2020,53.38,53.38
2/24/2020,51.43,51.43
2/25/2020,49.9,49.9
2/26/2020,48.73,48.73
2/27/2020,47.09,47.09
2/28/2020,44.76,44.76
3/2/2020,46.75,46.75
3/3/2020,47.18,47.18
3/4/2020,46.78,46.78
3/5/2020,45.9,45.9
3/6/2020,41.28,41.28
3/9/2020,31.13,31.13
3/10/2020,34.36,34.36
3/11/2020,32.98,32.98
3/12/2020,31.5,31.5
3/13/2020,31.73,31.73
3/16/2020,28.7,28.7
3/17/2020,27.026,27.026
3/18/2020,20.554,20.554
3/19/2020,25.634,25.634
3/20/2020,22.59,22.59
3/23/2020,23.36,23.36
3/24/2020,24.01,24.01
3/25/2020,24.49,24.49
3/26/2020,22.6,22.6
3/27/2020,21.51,21.51
3/30/2020,20.09,20.09
3/31/2020,20.48,20.48
4/1/2020,20.31,20.31
4/2/2020,25.32,25.32
4/3/2020,28.34,28.34
4/6/2020,26.08,26.08
4/7/2020,23.63,23.63
4/13/2010,,84.05
