date,value,my,year
2010-04-09,84.92,04/2010,2010
2010-04-12,84.34,04/2010,2010
2010-04-13,84.05,04/2010,2010
2010-04-14,85.84,04/2010,2010
2010-04-15,85.758,04/2010,2010
2010-04-16,83.812,04/2010,2010
2010-04-19,82.458,04/2010,2010
2010-04-20,83.77,04/2010,2010
2010-04-21,83.68,04/2010,2010
2010-04-22,83.7,04/2010,2010
2010-04-23,85.12,04/2010,2010
2010-04-26,84.2,04/2010,2010
2010-04-27,82.44,04/2010,2010
2010-04-28,83.22,04/2010,2010
2010-04-29,85.17,04/2010,2010
2010-04-30,86.15,04/2010,2010
2010-05-03,86.19,05/2010,2010
2010-05-04,82.74,05/2010,2010
2010-05-05,79.97,05/2010,2010
2010-05-06,77.11,05/2010,2010
2010-05-07,75.11,05/2010,2010
2010-05-10,76.8,05/2010,2010
2010-05-11,76.37,05/2010,2010
2010-05-12,75.65,05/2010,2010
2010-05-13,74.4,05/2010,2010
2010-05-14,71.61,05/2010,2010
2010-05-17,70.708,05/2010,2010
2010-05-18,70.726,05/2010,2010
2010-05-19,71.436,05/2010,2010
2010-05-20,70.242,05/2010,2010
2010-05-21,70.04,05/2010,2010
2010-05-24,70.21,05/2010,2010
2010-05-25,68.75,05/2010,2010
2010-05-26,71.51,05/2010,2010
2010-05-27,74.55,05/2010,2010
2010-05-28,73.97,05/2010,2010
2010-06-01,72.58,06/2010,2010
2010-06-02,72.86,06/2010,2010
2010-06-03,74.61,06/2010,2010
2010-06-04,71.51,06/2010,2010
2010-06-07,71.44,06/2010,2010
2010-06-08,71.99,06/2010,2010
2010-06-09,74.38,06/2010,2010
2010-06-10,75.48,06/2010,2010
2010-06-11,73.78,06/2010,2010
2010-06-14,75.12,06/2010,2010
2010-06-15,76.94,06/2010,2010
2010-06-16,77.67,06/2010,2010
2010-06-17,77.04,06/2010,2010
2010-06-18,77.612,06/2010,2010
2010-06-21,78.294,06/2010,2010
2010-06-22,77.722,06/2010,2010
2010-06-23,76.35,06/2010,2010
2010-06-24,76.51,06/2010,2010
2010-06-25,78.86,06/2010,2010
2010-06-28,78.25,06/2010,2010
2010-06-29,75.94,06/2010,2010
2010-06-30,75.63,06/2010,2010
2010-07-01,72.95,07/2010,2010
2010-07-02,72.14,07/2010,2010
2010-07-06,71.98,07/2010,2010
2010-07-07,74.07,07/2010,2010
2010-07-08,75.44,07/2010,2010
2010-07-09,76.09,07/2010,2010
2010-07-12,74.95,07/2010,2010
2010-07-13,77.15,07/2010,2010
2010-07-14,77.04,07/2010,2010
2010-07-15,76.698,07/2010,2010
2010-07-16,76.158,07/2010,2010
2010-07-19,76.756,07/2010,2010
2010-07-20,77.552,07/2010,2010
2010-07-21,76.56,07/2010,2010
2010-07-22,79.3,07/2010,2010
2010-07-23,78.98,07/2010,2010
2010-07-26,78.98,07/2010,2010
2010-07-27,77.5,07/2010,2010
2010-07-28,76.99,07/2010,2010
2010-07-29,78.36,07/2010,2010
2010-07-30,78.95,07/2010,2010
2010-08-02,81.34,08/2010,2010
2010-08-03,82.55,08/2010,2010
2010-08-04,82.47,08/2010,2010
2010-08-05,82.01,08/2010,2010
2010-08-06,80.7,08/2010,2010
2010-08-09,81.48,08/2010,2010
2010-08-10,80.25,08/2010,2010
2010-08-11,78.02,08/2010,2010
2010-08-12,75.74,08/2010,2010
2010-08-13,75.39,08/2010,2010
2010-08-16,75.24,08/2010,2010
2010-08-17,75.848,08/2010,2010
2010-08-18,75.564,08/2010,2010
2010-08-19,74.634,08/2010,2010
2010-08-20,73.748,08/2010,2010
2010-08-23,73.1,08/2010,2010
2010-08-24,71.63,08/2010,2010
2010-08-25,72.52,08/2010,2010
2010-08-26,73.36,08/2010,2010
2010-08-27,75.17,08/2010,2010
2010-08-30,74.7,08/2010,2010
2010-08-31,71.92,08/2010,2010
2010-09-01,73.91,09/2010,2010
2010-09-02,75.02,09/2010,2010
2010-09-03,74.6,09/2010,2010
2010-09-07,74.09,09/2010,2010
2010-09-08,74.67,09/2010,2010
2010-09-09,74.25,09/2010,2010
2010-09-10,76.45,09/2010,2010
2010-09-13,77.19,09/2010,2010
2010-09-14,76.8,09/2010,2010
2010-09-15,76.02,09/2010,2010
2010-09-16,74.57,09/2010,2010
2010-09-17,73.912,09/2010,2010
2010-09-20,75.392,09/2010,2010
2010-09-21,74.39,09/2010,2010
2010-09-22,74.408,09/2010,2010
2010-09-23,75.18,09/2010,2010
2010-09-24,76.49,09/2010,2010
2010-09-27,76.52,09/2010,2010
2010-09-28,76.18,09/2010,2010
2010-09-29,77.86,09/2010,2010
2010-09-30,79.97,09/2010,2010
2010-10-01,81.58,10/2010,2010
2010-10-04,81.47,10/2010,2010
2010-10-05,82.82,10/2010,2010
2010-10-06,83.23,10/2010,2010
2010-10-07,81.67,10/2010,2010
2010-10-08,82.66,10/2010,2010
2010-10-11,82.21,10/2010,2010
2010-10-12,81.67,10/2010,2010
2010-10-13,83.01,10/2010,2010
2010-10-14,82.69,10/2010,2010
2010-10-15,81.386,10/2010,2010
2010-10-18,83.368,10/2010,2010
2010-10-19,79.892,10/2010,2010
2010-10-20,82.386,10/2010,2010
2010-10-21,80.56,10/2010,2010
2010-10-22,81.69,10/2010,2010
2010-10-25,82.52,10/2010,2010
2010-10-26,82.55,10/2010,2010
2010-10-27,81.94,10/2010,2010
2010-10-28,82.18,10/2010,2010
2010-10-29,81.43,10/2010,2010
2010-11-01,82.95,11/2010,2010
2010-11-02,83.9,11/2010,2010
2010-11-03,84.69,11/2010,2010
2010-11-04,86.49,11/2010,2010
2010-11-05,86.85,11/2010,2010
2010-11-08,87.06,11/2010,2010
2010-11-09,86.72,11/2010,2010
2010-11-10,87.81,11/2010,2010
2010-11-11,87.81,11/2010,2010
2010-11-12,84.88,11/2010,2010
2010-11-15,84.86,11/2010,2010
2010-11-16,82.44,11/2010,2010
2010-11-17,80.68,11/2010,2010
2010-11-18,82.192,11/2010,2010
2010-11-19,81.886,11/2010,2010
2010-11-22,81.74,11/2010,2010
2010-11-23,81.25,11/2010,2010
2010-11-24,83.86,11/2010,2010
2010-11-26,83.76,11/2010,2010
2010-11-29,85.73,11/2010,2010
2010-11-30,84.11,11/2010,2010
2010-12-01,86.75,12/2010,2010
2010-12-02,88.0,12/2010,2010
2010-12-03,89.19,12/2010,2010
2010-12-06,89.38,12/2010,2010
2010-12-07,88.69,12/2010,2010
2010-12-08,88.28,12/2010,2010
2010-12-09,88.37,12/2010,2010
2010-12-10,87.79,12/2010,2010
2010-12-13,88.61,12/2010,2010
2010-12-14,88.28,12/2010,2010
2010-12-15,88.62,12/2010,2010
2010-12-16,87.84,12/2010,2010
2010-12-17,88.252,12/2010,2010
2010-12-20,89.146,12/2010,2010
2010-12-21,89.596,12/2010,2010
2010-12-22,90.48,12/2010,2010
2010-12-23,91.51,12/2010,2010
2010-12-27,91.0,12/2010,2010
2010-12-28,91.49,12/2010,2010
2010-12-29,91.12,12/2010,2010
2010-12-30,89.84,12/2010,2010
2010-12-31,91.38,12/2010,2010
2011-01-03,91.55,01/2011,2011
2011-01-04,89.38,01/2011,2011
2011-01-05,90.3,01/2011,2011
2011-01-06,88.38,01/2011,2011
2011-01-07,88.03,01/2011,2011
2011-01-10,89.25,01/2011,2011
2011-01-11,91.11,01/2011,2011
2011-01-12,91.86,01/2011,2011
2011-01-13,91.4,01/2011,2011
2011-01-14,91.746,01/2011,2011
2011-01-18,91.752,01/2011,2011
2011-01-19,91.43,01/2011,2011
2011-01-20,89.444,01/2011,2011
2011-01-21,89.11,01/2011,2011
2011-01-24,87.87,01/2011,2011
2011-01-25,86.19,01/2011,2011
2011-01-26,87.33,01/2011,2011
2011-01-27,85.64,01/2011,2011
2011-01-28,89.34,01/2011,2011
2011-01-31,92.19,01/2011,2011
2011-02-01,90.77,02/2011,2011
2011-02-02,90.86,02/2011,2011
2011-02-03,90.54,02/2011,2011
2011-02-04,89.03,02/2011,2011
2011-02-07,87.48,02/2011,2011
2011-02-08,86.94,02/2011,2011
2011-02-09,86.71,02/2011,2011
2011-02-10,86.73,02/2011,2011
2011-02-11,85.58,02/2011,2011
2011-02-14,84.81,02/2011,2011
2011-02-15,84.32,02/2011,2011
2011-02-16,85.56,02/2011,2011
2011-02-17,87.352,02/2011,2011
2011-02-18,88.306,02/2011,2011
2011-02-22,95.05,02/2011,2011
2011-02-23,98.1,02/2011,2011
2011-02-24,97.28,02/2011,2011
2011-02-25,97.88,02/2011,2011
2011-02-28,96.97,02/2011,2011
2011-03-01,99.63,03/2011,2011
2011-03-02,102.23,03/2011,2011
2011-03-03,101.91,03/2011,2011
2011-03-04,104.42,03/2011,2011
2011-03-07,105.44,03/2011,2011
2011-03-08,105.02,03/2011,2011
2011-03-09,104.38,03/2011,2011
2011-03-10,102.7,03/2011,2011
2011-03-11,101.16,03/2011,2011
2011-03-14,101.19,03/2011,2011
2011-03-15,97.18,03/2011,2011
2011-03-16,97.98,03/2011,2011
2011-03-17,101.614,03/2011,2011
2011-03-18,101.382,03/2011,2011
2011-03-21,102.786,03/2011,2011
2011-03-22,104.776,03/2011,2011
2011-03-23,105.75,03/2011,2011
2011-03-24,105.6,03/2011,2011
2011-03-25,105.4,03/2011,2011
2011-03-28,103.98,03/2011,2011
2011-03-29,104.79,03/2011,2011
2011-03-30,104.27,03/2011,2011
2011-03-31,106.72,03/2011,2011
2011-04-01,107.94,04/2011,2011
2011-04-04,108.47,04/2011,2011
2011-04-05,108.34,04/2011,2011
2011-04-06,108.83,04/2011,2011
2011-04-07,110.3,04/2011,2011
2011-04-08,112.79,04/2011,2011
2011-04-11,109.92,04/2011,2011
2011-04-12,106.25,04/2011,2011
2011-04-13,107.11,04/2011,2011
2011-04-14,108.228,04/2011,2011
2011-04-15,109.884,04/2011,2011
2011-04-18,107.462,04/2011,2011
2011-04-19,108.254,04/2011,2011
2011-04-20,111.45,04/2011,2011
2011-04-21,112.29,04/2011,2011
2011-04-25,112.28,04/2011,2011
2011-04-26,112.21,04/2011,2011
2011-04-27,112.76,04/2011,2011
2011-04-28,112.86,04/2011,2011
2011-04-29,113.93,04/2011,2011
2011-05-02,113.52,05/2011,2011
2011-05-03,111.05,05/2011,2011
2011-05-04,109.24,05/2011,2011
2011-05-05,99.8,05/2011,2011
2011-05-06,97.18,05/2011,2011
2011-05-09,102.55,05/2011,2011
2011-05-10,103.88,05/2011,2011
2011-05-11,98.21,05/2011,2011
2011-05-12,98.97,05/2011,2011
2011-05-13,99.65,05/2011,2011
2011-05-16,97.37,05/2011,2011
2011-05-17,97.014,05/2011,2011
2011-05-18,100.284,05/2011,2011
2011-05-19,98.734,05/2011,2011
2011-05-20,99.978,05/2011,2011
2011-05-23,97.7,05/2011,2011
2011-05-24,99.59,05/2011,2011
2011-05-25,101.32,05/2011,2011
2011-05-26,100.23,05/2011,2011
2011-05-27,100.59,05/2011,2011
2011-05-31,102.7,05/2011,2011
2011-06-01,100.29,06/2011,2011
2011-06-02,100.4,06/2011,2011
2011-06-03,100.22,06/2011,2011
2011-06-06,99.01,06/2011,2011
2011-06-07,99.09,06/2011,2011
2011-06-08,100.74,06/2011,2011
2011-06-09,101.93,06/2011,2011
2011-06-10,99.29,06/2011,2011
2011-06-13,97.3,06/2011,2011
2011-06-14,99.37,06/2011,2011
2011-06-15,94.81,06/2011,2011
2011-06-16,95.032,06/2011,2011
2011-06-17,93.166,06/2011,2011
2011-06-20,93.482,06/2011,2011
2011-06-21,94.016,06/2011,2011
2011-06-22,95.41,06/2011,2011
2011-06-23,91.02,06/2011,2011
2011-06-24,91.16,06/2011,2011
2011-06-27,90.61,06/2011,2011
2011-06-28,92.89,06/2011,2011
2011-06-29,94.77,06/2011,2011
2011-06-30,95.42,06/2011,2011
2011-07-01,94.94,07/2011,2011
2011-07-05,96.89,07/2011,2011
2011-07-06,96.65,07/2011,2011
2011-07-07,98.67,07/2011,2011
2011-07-08,96.2,07/2011,2011
2011-07-11,95.15,07/2011,2011
2011-07-12,97.43,07/2011,2011
2011-07-13,98.05,07/2011,2011
2011-07-14,95.69,07/2011,2011
2011-07-15,97.312,07/2011,2011
2011-07-18,96.058,07/2011,2011
2011-07-19,97.716,07/2011,2011
2011-07-20,98.348,07/2011,2011
2011-07-21,99.13,07/2011,2011
2011-07-22,99.87,07/2011,2011
2011-07-25,99.2,07/2011,2011
2011-07-26,99.59,07/2011,2011
2011-07-27,97.4,07/2011,2011
2011-07-28,97.44,07/2011,2011
2011-07-29,95.7,07/2011,2011
2011-08-01,94.89,08/2011,2011
2011-08-02,93.79,08/2011,2011
2011-08-03,91.93,08/2011,2011
2011-08-04,86.63,08/2011,2011
2011-08-05,86.88,08/2011,2011
2011-08-08,81.31,08/2011,2011
2011-08-09,79.3,08/2011,2011
2011-08-10,82.89,08/2011,2011
2011-08-11,85.72,08/2011,2011
2011-08-12,85.38,08/2011,2011
2011-08-15,87.88,08/2011,2011
2011-08-16,86.65,08/2011,2011
2011-08-17,87.61,08/2011,2011
2011-08-18,82.432,08/2011,2011
2011-08-19,82.35,08/2011,2011
2011-08-22,84.36,08/2011,2011
2011-08-23,85.44,08/2011,2011
2011-08-24,85.16,08/2011,2011
2011-08-25,85.3,08/2011,2011
2011-08-26,85.37,08/2011,2011
2011-08-29,87.27,08/2011,2011
2011-08-30,88.9,08/2011,2011
2011-08-31,88.81,08/2011,2011
2011-09-01,88.93,09/2011,2011
2011-09-02,86.45,09/2011,2011
2011-09-06,86.02,09/2011,2011
2011-09-07,89.34,09/2011,2011
2011-09-08,89.05,09/2011,2011
2011-09-09,87.24,09/2011,2011
2011-09-12,88.19,09/2011,2011
2011-09-13,90.21,09/2011,2011
2011-09-14,88.91,09/2011,2011
2011-09-15,89.438,09/2011,2011
2011-09-16,88.048,09/2011,2011
2011-09-19,85.766,09/2011,2011
2011-09-20,86.914,09/2011,2011
2011-09-21,85.92,09/2011,2011
2011-09-22,80.51,09/2011,2011
2011-09-23,79.85,09/2011,2011
2011-09-26,80.24,09/2011,2011
2011-09-27,84.45,09/2011,2011
2011-09-28,81.21,09/2011,2011
2011-09-29,82.14,09/2011,2011
2011-09-30,79.2,09/2011,2011
2011-10-03,77.61,10/2011,2011
2011-10-04,75.67,10/2011,2011
2011-10-05,79.68,10/2011,2011
2011-10-06,82.59,10/2011,2011
2011-10-07,82.98,10/2011,2011
2011-10-10,85.41,10/2011,2011
2011-10-11,85.81,10/2011,2011
2011-10-12,85.57,10/2011,2011
2011-10-13,84.23,10/2011,2011
2011-10-14,86.8,10/2011,2011
2011-10-17,86.428,10/2011,2011
2011-10-18,88.416,10/2011,2011
2011-10-19,86.218,10/2011,2011
2011-10-20,85.916,10/2011,2011
2011-10-21,87.4,10/2011,2011
2011-10-24,91.27,10/2011,2011
2011-10-25,93.17,10/2011,2011
2011-10-26,90.2,10/2011,2011
2011-10-27,93.96,10/2011,2011
2011-10-28,93.32,10/2011,2011
2011-10-31,93.19,10/2011,2011
2011-11-01,92.19,11/2011,2011
2011-11-02,92.51,11/2011,2011
2011-11-03,94.07,11/2011,2011
2011-11-04,94.26,11/2011,2011
2011-11-07,95.52,11/2011,2011
2011-11-08,96.8,11/2011,2011
2011-11-09,95.74,11/2011,2011
2011-11-10,97.78,11/2011,2011
2011-11-11,98.99,11/2011,2011
2011-11-14,98.14,11/2011,2011
2011-11-15,99.382,11/2011,2011
2011-11-16,102.594,11/2011,2011
2011-11-17,98.886,11/2011,2011
2011-11-18,97.618,11/2011,2011
2011-11-21,96.92,11/2011,2011
2011-11-22,98.01,11/2011,2011
2011-11-23,96.17,11/2011,2011
2011-11-25,96.77,11/2011,2011
2011-11-28,98.21,11/2011,2011
2011-11-29,99.79,11/2011,2011
2011-11-30,100.36,11/2011,2011
2011-12-01,100.2,12/2011,2011
2011-12-02,100.96,12/2011,2011
2011-12-05,100.99,12/2011,2011
2011-12-06,101.28,12/2011,2011
2011-12-07,100.49,12/2011,2011
2011-12-08,98.34,12/2011,2011
2011-12-09,99.41,12/2011,2011
2011-12-12,97.77,12/2011,2011
2011-12-13,100.14,12/2011,2011
2011-12-14,94.95,12/2011,2011
2011-12-15,93.91,12/2011,2011
2011-12-16,93.618,12/2011,2011
2011-12-19,93.982,12/2011,2011
2011-12-20,97.236,12/2011,2011
2011-12-21,98.67,12/2011,2011
2011-12-22,99.53,12/2011,2011
2011-12-23,99.68,12/2011,2011
2011-12-27,101.34,12/2011,2011
2011-12-28,99.36,12/2011,2011
2011-12-29,99.65,12/2011,2011
2011-12-30,98.83,12/2011,2011
2012-01-03,102.96,01/2012,2012
2012-01-04,103.22,01/2012,2012
2012-01-05,101.81,01/2012,2012
2012-01-06,101.56,01/2012,2012
2012-01-09,101.31,01/2012,2012
2012-01-10,102.24,01/2012,2012
2012-01-11,100.87,01/2012,2012
2012-01-12,99.1,01/2012,2012
2012-01-13,98.7,01/2012,2012
2012-01-17,100.742,01/2012,2012
2012-01-18,100.658,01/2012,2012
2012-01-19,100.48,01/2012,2012
2012-01-20,98.356,01/2012,2012
2012-01-23,99.58,01/2012,2012
2012-01-24,98.95,01/2012,2012
2012-01-25,99.4,01/2012,2012
2012-01-26,99.7,01/2012,2012
2012-01-27,99.56,01/2012,2012
2012-01-30,98.78,01/2012,2012
2012-01-31,98.48,01/2012,2012
2012-02-01,97.61,02/2012,2012
2012-02-02,96.36,02/2012,2012
2012-02-03,97.84,02/2012,2012
2012-02-06,96.91,02/2012,2012
2012-02-07,98.41,02/2012,2012
2012-02-08,98.71,02/2012,2012
2012-02-09,99.84,02/2012,2012
2012-02-10,98.67,02/2012,2012
2012-02-13,100.91,02/2012,2012
2012-02-14,100.74,02/2012,2012
2012-02-15,101.868,02/2012,2012
2012-02-16,102.442,02/2012,2012
2012-02-17,103.456,02/2012,2012
2012-02-21,106.168,02/2012,2012
2012-02-22,106.28,02/2012,2012
2012-02-23,107.83,02/2012,2012
2012-02-24,109.77,02/2012,2012
2012-02-27,108.56,02/2012,2012
2012-02-28,106.55,02/2012,2012
2012-02-29,107.07,02/2012,2012
2012-03-01,108.84,03/2012,2012
2012-03-02,106.7,03/2012,2012
2012-03-05,106.72,03/2012,2012
2012-03-06,104.7,03/2012,2012
2012-03-07,106.16,03/2012,2012
2012-03-08,106.58,03/2012,2012
2012-03-09,107.4,03/2012,2012
2012-03-12,106.34,03/2012,2012
2012-03-13,106.71,03/2012,2012
2012-03-14,105.43,03/2012,2012
2012-03-15,105.218,03/2012,2012
2012-03-16,107.268,03/2012,2012
2012-03-19,108.372,03/2012,2012
2012-03-20,105.978,03/2012,2012
2012-03-21,107.27,03/2012,2012
2012-03-22,105.35,03/2012,2012
2012-03-23,106.87,03/2012,2012
2012-03-26,107.03,03/2012,2012
2012-03-27,107.33,03/2012,2012
2012-03-28,105.41,03/2012,2012
2012-03-29,102.78,03/2012,2012
2012-03-30,103.02,03/2012,2012
2012-04-02,105.23,04/2012,2012
2012-04-03,104.01,04/2012,2012
2012-04-04,101.47,04/2012,2012
2012-04-05,103.31,04/2012,2012
2012-04-09,102.46,04/2012,2012
2012-04-10,101.02,04/2012,2012
2012-04-11,102.7,04/2012,2012
2012-04-12,103.64,04/2012,2012
2012-04-13,102.83,04/2012,2012
2012-04-16,102.93,04/2012,2012
2012-04-17,104.288,04/2012,2012
2012-04-18,102.85,04/2012,2012
2012-04-19,102.54,04/2012,2012
2012-04-20,103.714,04/2012,2012
2012-04-23,103.11,04/2012,2012
2012-04-24,103.55,04/2012,2012
2012-04-25,104.12,04/2012,2012
2012-04-26,104.55,04/2012,2012
2012-04-27,104.93,04/2012,2012
2012-04-30,104.87,04/2012,2012
2012-05-01,106.16,05/2012,2012
2012-05-02,105.22,05/2012,2012
2012-05-03,102.54,05/2012,2012
2012-05-04,98.49,05/2012,2012
2012-05-07,97.94,05/2012,2012
2012-05-08,97.01,05/2012,2012
2012-05-09,96.81,05/2012,2012
2012-05-10,97.08,05/2012,2012
2012-05-11,96.13,05/2012,2012
2012-05-14,94.78,05/2012,2012
2012-05-15,93.98,05/2012,2012
2012-05-16,92.81,05/2012,2012
2012-05-17,92.636,05/2012,2012
2012-05-18,91.608,05/2012,2012
2012-05-21,92.744,05/2012,2012
2012-05-22,91.812,05/2012,2012
2012-05-23,89.9,05/2012,2012
2012-05-24,90.66,05/2012,2012
2012-05-25,90.86,05/2012,2012
2012-05-29,90.76,05/2012,2012
2012-05-30,87.82,05/2012,2012
2012-05-31,86.53,05/2012,2012
2012-06-01,83.23,06/2012,2012
2012-06-04,83.98,06/2012,2012
2012-06-05,84.29,06/2012,2012
2012-06-06,85.02,06/2012,2012
2012-06-07,84.82,06/2012,2012
2012-06-08,84.1,06/2012,2012
2012-06-11,82.7,06/2012,2012
2012-06-12,83.32,06/2012,2012
2012-06-13,82.62,06/2012,2012
2012-06-14,83.91,06/2012,2012
2012-06-15,84.09,06/2012,2012
2012-06-18,83.402,06/2012,2012
2012-06-19,84.222,06/2012,2012
2012-06-20,81.52,06/2012,2012
2012-06-21,78.2,06/2012,2012
2012-06-22,79.76,06/2012,2012
2012-06-25,79.21,06/2012,2012
2012-06-26,79.36,06/2012,2012
2012-06-27,80.21,06/2012,2012
2012-06-28,77.69,06/2012,2012
2012-06-29,84.96,06/2012,2012
2012-07-02,83.75,07/2012,2012
2012-07-03,87.66,07/2012,2012
2012-07-05,87.22,07/2012,2012
2012-07-06,84.45,07/2012,2012
2012-07-09,85.99,07/2012,2012
2012-07-10,83.91,07/2012,2012
2012-07-11,85.81,07/2012,2012
2012-07-12,86.08,07/2012,2012
2012-07-13,87.1,07/2012,2012
2012-07-16,88.43,07/2012,2012
2012-07-17,89.284,07/2012,2012
2012-07-18,89.99,07/2012,2012
2012-07-19,92.846,07/2012,2012
2012-07-20,91.752,07/2012,2012
2012-07-23,88.14,07/2012,2012
2012-07-24,88.5,07/2012,2012
2012-07-25,88.97,07/2012,2012
2012-07-26,89.39,07/2012,2012
2012-07-27,90.13,07/2012,2012
2012-07-30,89.78,07/2012,2012
2012-07-31,88.06,07/2012,2012
2012-08-01,88.91,08/2012,2012
2012-08-02,87.13,08/2012,2012
2012-08-03,91.4,08/2012,2012
2012-08-06,92.2,08/2012,2012
2012-08-07,93.67,08/2012,2012
2012-08-08,93.35,08/2012,2012
2012-08-09,93.36,08/2012,2012
2012-08-10,92.87,08/2012,2012
2012-08-13,92.73,08/2012,2012
2012-08-14,93.43,08/2012,2012
2012-08-15,94.33,08/2012,2012
2012-08-16,95.658,08/2012,2012
2012-08-17,96.134,08/2012,2012
2012-08-20,96.144,08/2012,2012
2012-08-21,96.808,08/2012,2012
2012-08-22,97.26,08/2012,2012
2012-08-23,96.27,08/2012,2012
2012-08-24,96.15,08/2012,2012
2012-08-27,95.47,08/2012,2012
2012-08-28,96.33,08/2012,2012
2012-08-29,95.49,08/2012,2012
2012-08-30,94.62,08/2012,2012
2012-08-31,96.47,08/2012,2012
2012-09-04,95.3,09/2012,2012
2012-09-05,95.36,09/2012,2012
2012-09-06,95.53,09/2012,2012
2012-09-07,96.42,09/2012,2012
2012-09-10,96.54,09/2012,2012
2012-09-11,97.17,09/2012,2012
2012-09-12,97.01,09/2012,2012
2012-09-13,98.31,09/2012,2012
2012-09-14,99.0,09/2012,2012
2012-09-17,96.686,09/2012,2012
2012-09-18,95.422,09/2012,2012
2012-09-19,92.172,09/2012,2012
2012-09-20,92.31,09/2012,2012
2012-09-21,92.89,09/2012,2012
2012-09-24,91.93,09/2012,2012
2012-09-25,91.37,09/2012,2012
2012-09-26,89.98,09/2012,2012
2012-09-27,91.85,09/2012,2012
2012-09-28,92.19,09/2012,2012
2012-10-01,92.48,10/2012,2012
2012-10-02,91.89,10/2012,2012
2012-10-03,88.14,10/2012,2012
2012-10-04,91.71,10/2012,2012
2012-10-05,89.88,10/2012,2012
2012-10-08,89.33,10/2012,2012
2012-10-09,92.39,10/2012,2012
2012-10-10,91.25,10/2012,2012
2012-10-11,92.07,10/2012,2012
2012-10-12,91.86,10/2012,2012
2012-10-15,91.85,10/2012,2012
2012-10-16,92.09,10/2012,2012
2012-10-17,92.214,10/2012,2012
2012-10-18,92.272,10/2012,2012
2012-10-19,90.284,10/2012,2012
2012-10-22,88.666,10/2012,2012
2012-10-23,86.67,10/2012,2012
2012-10-24,85.73,10/2012,2012
2012-10-25,86.05,10/2012,2012
2012-10-26,86.28,10/2012,2012
2012-10-29,85.54,10/2012,2012
2012-10-30,85.68,10/2012,2012
2012-10-31,86.24,10/2012,2012
2012-11-01,87.09,11/2012,2012
2012-11-02,84.86,11/2012,2012
2012-11-05,85.65,11/2012,2012
2012-11-06,88.71,11/2012,2012
2012-11-07,84.44,11/2012,2012
2012-11-08,85.09,11/2012,2012
2012-11-09,86.07,11/2012,2012
2012-11-12,85.57,11/2012,2012
2012-11-13,85.472,11/2012,2012
2012-11-14,86.492,11/2012,2012
2012-11-15,85.702,11/2012,2012
2012-11-16,86.87,11/2012,2012
2012-11-19,89.28,11/2012,2012
2012-11-20,86.75,11/2012,2012
2012-11-21,87.38,11/2012,2012
2012-11-23,88.28,11/2012,2012
2012-11-26,87.74,11/2012,2012
2012-11-27,87.18,11/2012,2012
2012-11-28,86.49,11/2012,2012
2012-11-29,88.07,11/2012,2012
2012-11-30,88.91,11/2012,2012
2012-12-03,89.09,12/2012,2012
2012-12-04,88.5,12/2012,2012
2012-12-05,87.88,12/2012,2012
2012-12-06,86.26,12/2012,2012
2012-12-07,85.93,12/2012,2012
2012-12-10,85.56,12/2012,2012
2012-12-11,85.79,12/2012,2012
2012-12-12,86.77,12/2012,2012
2012-12-13,85.89,12/2012,2012
2012-12-14,86.834,12/2012,2012
2012-12-17,87.388,12/2012,2012
2012-12-18,88.212,12/2012,2012
2012-12-19,89.886,12/2012,2012
2012-12-20,90.13,12/2012,2012
2012-12-21,88.66,12/2012,2012
2012-12-24,88.61,12/2012,2012
2012-12-26,90.98,12/2012,2012
2012-12-27,90.87,12/2012,2012
2012-12-28,90.8,12/2012,2012
2012-12-31,91.82,12/2012,2012
2013-01-02,93.12,01/2013,2013
2013-01-03,92.92,01/2013,2013
2013-01-04,93.09,01/2013,2013
2013-01-07,93.19,01/2013,2013
2013-01-08,93.15,01/2013,2013
2013-01-09,93.1,01/2013,2013
2013-01-10,93.82,01/2013,2013
2013-01-11,93.56,01/2013,2013
2013-01-14,94.14,01/2013,2013
2013-01-15,93.28,01/2013,2013
2013-01-16,94.328,01/2013,2013
2013-01-17,95.67,01/2013,2013
2013-01-18,95.848,01/2013,2013
2013-01-22,96.592,01/2013,2013
2013-01-23,95.23,01/2013,2013
2013-01-24,95.95,01/2013,2013
2013-01-25,95.88,01/2013,2013
2013-01-28,96.44,01/2013,2013
2013-01-29,97.57,01/2013,2013
2013-01-30,97.94,01/2013,2013
2013-01-31,97.49,01/2013,2013
2013-02-01,97.77,02/2013,2013
2013-02-04,96.17,02/2013,2013
2013-02-05,96.64,02/2013,2013
2013-02-06,96.62,02/2013,2013
2013-02-07,95.83,02/2013,2013
2013-02-08,95.72,02/2013,2013
2013-02-11,97.03,02/2013,2013
2013-02-12,97.51,02/2013,2013
2013-02-13,97.01,02/2013,2013
2013-02-14,97.428,02/2013,2013
2013-02-15,96.08,02/2013,2013
2013-02-19,96.924,02/2013,2013
2013-02-20,95.068,02/2013,2013
2013-02-21,92.84,02/2013,2013
2013-02-22,93.13,02/2013,2013
2013-02-25,93.11,02/2013,2013
2013-02-26,92.63,02/2013,2013
2013-02-27,92.76,02/2013,2013
2013-02-28,92.05,02/2013,2013
2013-03-01,90.68,03/2013,2013
2013-03-04,90.12,03/2013,2013
2013-03-05,90.82,03/2013,2013
2013-03-06,90.43,03/2013,2013
2013-03-07,91.56,03/2013,2013
2013-03-08,91.95,03/2013,2013
2013-03-11,92.06,03/2013,2013
2013-03-12,92.54,03/2013,2013
2013-03-13,92.52,03/2013,2013
2013-03-14,93.03,03/2013,2013
2013-03-15,93.524,03/2013,2013
2013-03-18,93.888,03/2013,2013
2013-03-19,92.376,03/2013,2013
2013-03-20,93.392,03/2013,2013
2013-03-21,92.45,03/2013,2013
2013-03-22,93.71,03/2013,2013
2013-03-25,94.81,03/2013,2013
2013-03-26,96.34,03/2013,2013
2013-03-27,96.58,03/2013,2013
2013-03-28,97.23,03/2013,2013
2013-04-01,97.07,04/2013,2013
2013-04-02,97.19,04/2013,2013
2013-04-03,94.45,04/2013,2013
2013-04-04,93.26,04/2013,2013
2013-04-05,92.7,04/2013,2013
2013-04-08,93.36,04/2013,2013
2013-04-09,94.2,04/2013,2013
2013-04-10,94.64,04/2013,2013
2013-04-11,93.51,04/2013,2013
2013-04-12,91.29,04/2013,2013
2013-04-15,88.71,04/2013,2013
2013-04-16,88.72,04/2013,2013
2013-04-17,86.738,04/2013,2013
2013-04-18,87.838,04/2013,2013
2013-04-19,88.166,04/2013,2013
2013-04-22,89.104,04/2013,2013
2013-04-23,89.18,04/2013,2013
2013-04-24,91.43,04/2013,2013
2013-04-25,93.64,04/2013,2013
2013-04-26,93.0,04/2013,2013
2013-04-29,94.5,04/2013,2013
2013-04-30,93.46,04/2013,2013
2013-05-01,91.03,05/2013,2013
2013-05-02,93.99,05/2013,2013
2013-05-03,95.61,05/2013,2013
2013-05-06,96.16,05/2013,2013
2013-05-07,95.62,05/2013,2013
2013-05-08,96.62,05/2013,2013
2013-05-09,96.39,05/2013,2013
2013-05-10,96.04,05/2013,2013
2013-05-13,95.17,05/2013,2013
2013-05-14,94.21,05/2013,2013
2013-05-15,94.3,05/2013,2013
2013-05-16,95.218,05/2013,2013
2013-05-17,96.128,05/2013,2013
2013-05-20,96.842,05/2013,2013
2013-05-21,96.176,05/2013,2013
2013-05-22,94.28,05/2013,2013
2013-05-23,94.25,05/2013,2013
2013-05-24,94.15,05/2013,2013
2013-05-28,95.01,05/2013,2013
2013-05-29,93.13,05/2013,2013
2013-05-30,93.61,05/2013,2013
2013-05-31,91.97,05/2013,2013
2013-06-03,93.45,06/2013,2013
2013-06-04,93.31,06/2013,2013
2013-06-05,93.74,06/2013,2013
2013-06-06,94.76,06/2013,2013
2013-06-07,96.03,06/2013,2013
2013-06-10,95.77,06/2013,2013
2013-06-11,95.38,06/2013,2013
2013-06-12,95.88,06/2013,2013
2013-06-13,96.69,06/2013,2013
2013-06-14,97.85,06/2013,2013
2013-06-17,97.822,06/2013,2013
2013-06-18,98.532,06/2013,2013
2013-06-19,98.384,06/2013,2013
2013-06-20,95.192,06/2013,2013
2013-06-21,93.69,06/2013,2013
2013-06-24,95.18,06/2013,2013
2013-06-25,95.32,06/2013,2013
2013-06-26,95.5,06/2013,2013
2013-06-27,97.05,06/2013,2013
2013-06-28,96.56,06/2013,2013
2013-07-01,97.99,07/2013,2013
2013-07-02,99.6,07/2013,2013
2013-07-03,101.24,07/2013,2013
2013-07-05,103.22,07/2013,2013
2013-07-08,103.14,07/2013,2013
2013-07-09,103.53,07/2013,2013
2013-07-10,106.52,07/2013,2013
2013-07-11,104.91,07/2013,2013
2013-07-12,105.95,07/2013,2013
2013-07-15,106.32,07/2013,2013
2013-07-16,106.0,07/2013,2013
2013-07-17,106.454,07/2013,2013
2013-07-18,107.948,07/2013,2013
2013-07-19,107.942,07/2013,2013
2013-07-22,106.934,07/2013,2013
2013-07-23,107.23,07/2013,2013
2013-07-24,105.39,07/2013,2013
2013-07-25,105.49,07/2013,2013
2013-07-26,104.7,07/2013,2013
2013-07-29,104.55,07/2013,2013
2013-07-30,103.08,07/2013,2013
2013-07-31,105.03,07/2013,2013
2013-08-01,107.89,08/2013,2013
2013-08-02,106.94,08/2013,2013
2013-08-05,106.56,08/2013,2013
2013-08-06,105.3,08/2013,2013
2013-08-07,104.37,08/2013,2013
2013-08-08,103.4,08/2013,2013
2013-08-09,105.97,08/2013,2013
2013-08-12,106.11,08/2013,2013
2013-08-13,106.83,08/2013,2013
2013-08-14,106.85,08/2013,2013
2013-08-15,107.302,08/2013,2013
2013-08-16,107.392,08/2013,2013
2013-08-19,106.956,08/2013,2013
2013-08-20,105.08,08/2013,2013
2013-08-21,103.85,08/2013,2013
2013-08-22,105.03,08/2013,2013
2013-08-23,106.42,08/2013,2013
2013-08-26,105.92,08/2013,2013
2013-08-27,109.01,08/2013,2013
2013-08-28,110.1,08/2013,2013
2013-08-29,108.8,08/2013,2013
2013-08-30,107.65,08/2013,2013
2013-09-03,108.54,09/2013,2013
2013-09-04,107.23,09/2013,2013
2013-09-05,108.37,09/2013,2013
2013-09-06,110.53,09/2013,2013
2013-09-09,109.52,09/2013,2013
2013-09-10,107.39,09/2013,2013
2013-09-11,107.56,09/2013,2013
2013-09-12,108.6,09/2013,2013
2013-09-13,108.21,09/2013,2013
2013-09-16,106.59,09/2013,2013
2013-09-17,105.3,09/2013,2013
2013-09-18,107.754,09/2013,2013
2013-09-19,106.072,09/2013,2013
2013-09-20,104.734,09/2013,2013
2013-09-23,103.59,09/2013,2013
2013-09-24,103.13,09/2013,2013
2013-09-25,102.66,09/2013,2013
2013-09-26,103.03,09/2013,2013
2013-09-27,102.87,09/2013,2013
2013-09-30,102.33,09/2013,2013
2013-10-01,102.04,10/2013,2013
2013-10-02,104.1,10/2013,2013
2013-10-03,103.31,10/2013,2013
2013-10-04,103.84,10/2013,2013
2013-10-07,103.03,10/2013,2013
2013-10-08,103.49,10/2013,2013
2013-10-09,101.61,10/2013,2013
2013-10-10,103.01,10/2013,2013
2013-10-11,102.02,10/2013,2013
2013-10-14,102.41,10/2013,2013
2013-10-15,101.21,10/2013,2013
2013-10-16,102.29,10/2013,2013
2013-10-17,100.71,10/2013,2013
2013-10-18,100.93,10/2013,2013
2013-10-21,99.496,10/2013,2013
2013-10-22,98.2,10/2013,2013
2013-10-23,96.86,10/2013,2013
2013-10-24,97.11,10/2013,2013
2013-10-25,97.85,10/2013,2013
2013-10-28,98.68,10/2013,2013
2013-10-29,98.2,10/2013,2013
2013-10-30,96.77,10/2013,2013
2013-10-31,96.38,10/2013,2013
2013-11-01,94.61,11/2013,2013
2013-11-04,94.62,11/2013,2013
2013-11-05,93.37,11/2013,2013
2013-11-06,94.8,11/2013,2013
2013-11-07,94.2,11/2013,2013
2013-11-08,94.6,11/2013,2013
2013-11-11,95.14,11/2013,2013
2013-11-12,93.04,11/2013,2013
2013-11-13,93.88,11/2013,2013
2013-11-14,93.76,11/2013,2013
2013-11-15,93.97,11/2013,2013
2013-11-18,93.29,11/2013,2013
2013-11-19,93.67,11/2013,2013
2013-11-20,93.746,11/2013,2013
2013-11-21,95.44,11/2013,2013
2013-11-22,94.84,11/2013,2013
2013-11-25,94.09,11/2013,2013
2013-11-26,93.68,11/2013,2013
2013-11-27,92.3,11/2013,2013
2013-11-29,92.72,11/2013,2013
2013-12-02,93.82,12/2013,2013
2013-12-03,96.04,12/2013,2013
2013-12-04,97.2,12/2013,2013
2013-12-05,97.38,12/2013,2013
2013-12-06,97.65,12/2013,2013
2013-12-09,97.34,12/2013,2013
2013-12-10,98.51,12/2013,2013
2013-12-11,97.44,12/2013,2013
2013-12-12,97.5,12/2013,2013
2013-12-13,96.6,12/2013,2013
2013-12-16,97.538,12/2013,2013
2013-12-17,97.32,12/2013,2013
2013-12-18,97.956,12/2013,2013
2013-12-19,98.986,12/2013,2013
2013-12-20,99.32,12/2013,2013
2013-12-23,98.91,12/2013,2013
2013-12-24,99.22,12/2013,2013
2013-12-26,99.55,12/2013,2013
2013-12-27,100.32,12/2013,2013
2013-12-30,99.29,12/2013,2013
2013-12-31,98.42,12/2013,2013
2014-01-02,95.44,01/2014,2014
2014-01-03,93.96,01/2014,2014
2014-01-06,93.43,01/2014,2014
2014-01-07,93.67,01/2014,2014
2014-01-08,92.33,01/2014,2014
2014-01-09,91.66,01/2014,2014
2014-01-10,92.72,01/2014,2014
2014-01-13,91.8,01/2014,2014
2014-01-14,92.59,01/2014,2014
2014-01-15,94.206,01/2014,2014
2014-01-16,94.016,01/2014,2014
2014-01-17,94.502,01/2014,2014
2014-01-21,94.974,01/2014,2014
2014-01-22,96.73,01/2014,2014
2014-01-23,97.32,01/2014,2014
2014-01-24,96.64,01/2014,2014
2014-01-27,95.72,01/2014,2014
2014-01-28,97.41,01/2014,2014
2014-01-29,97.36,01/2014,2014
2014-01-30,98.23,01/2014,2014
2014-01-31,97.49,01/2014,2014
2014-02-03,96.43,02/2014,2014
2014-02-04,97.19,02/2014,2014
2014-02-05,97.38,02/2014,2014
2014-02-06,97.84,02/2014,2014
2014-02-07,99.88,02/2014,2014
2014-02-10,100.06,02/2014,2014
2014-02-11,99.94,02/2014,2014
2014-02-12,100.37,02/2014,2014
2014-02-13,100.35,02/2014,2014
2014-02-14,100.266,02/2014,2014
2014-02-18,102.298,02/2014,2014
2014-02-19,103.028,02/2014,2014
2014-02-20,102.784,02/2014,2014
2014-02-21,102.2,02/2014,2014
2014-02-24,102.82,02/2014,2014
2014-02-25,101.83,02/2014,2014
2014-02-26,102.59,02/2014,2014
2014-02-27,102.4,02/2014,2014
2014-02-28,102.59,02/2014,2014
2014-03-03,104.92,03/2014,2014
2014-03-04,103.33,03/2014,2014
2014-03-05,101.45,03/2014,2014
2014-03-06,101.56,03/2014,2014
2014-03-07,102.58,03/2014,2014
2014-03-10,101.12,03/2014,2014
2014-03-11,100.03,03/2014,2014
2014-03-12,97.99,03/2014,2014
2014-03-13,98.2,03/2014,2014
2014-03-14,98.89,03/2014,2014
2014-03-17,97.988,03/2014,2014
2014-03-18,99.372,03/2014,2014
2014-03-19,99.65,03/2014,2014
2014-03-20,99.006,03/2014,2014
2014-03-21,99.46,03/2014,2014
2014-03-24,99.6,03/2014,2014
2014-03-25,99.19,03/2014,2014
2014-03-26,100.26,03/2014,2014
2014-03-27,101.28,03/2014,2014
2014-03-28,101.67,03/2014,2014
2014-03-31,101.58,03/2014,2014
2014-04-01,99.74,04/2014,2014
2014-04-02,99.62,04/2014,2014
2014-04-03,100.29,04/2014,2014
2014-04-04,101.14,04/2014,2014
2014-04-07,100.44,04/2014,2014
2014-04-08,102.56,04/2014,2014
2014-04-09,103.6,04/2014,2014
2014-04-10,103.4,04/2014,2014
2014-04-11,103.74,04/2014,2014
2014-04-14,104.05,04/2014,2014
2014-04-15,103.75,04/2014,2014
2014-04-16,103.614,04/2014,2014
2014-04-17,103.928,04/2014,2014
2014-04-21,103.938,04/2014,2014
2014-04-22,101.826,04/2014,2014
2014-04-23,101.44,04/2014,2014
2014-04-24,101.94,04/2014,2014
2014-04-25,100.6,04/2014,2014
2014-04-28,100.84,04/2014,2014
2014-04-29,101.28,04/2014,2014
2014-04-30,99.74,04/2014,2014
2014-05-01,99.42,05/2014,2014
2014-05-02,99.76,05/2014,2014
2014-05-05,99.48,05/2014,2014
2014-05-06,99.5,05/2014,2014
2014-05-07,100.77,05/2014,2014
2014-05-08,100.26,05/2014,2014
2014-05-09,99.99,05/2014,2014
2014-05-12,100.59,05/2014,2014
2014-05-13,101.7,05/2014,2014
2014-05-14,102.37,05/2014,2014
2014-05-15,101.426,05/2014,2014
2014-05-16,101.844,05/2014,2014
2014-05-19,102.31,05/2014,2014
2014-05-20,102.352,05/2014,2014
2014-05-21,104.07,05/2014,2014
2014-05-22,103.74,05/2014,2014
2014-05-23,104.35,05/2014,2014
2014-05-27,104.11,05/2014,2014
2014-05-28,102.72,05/2014,2014
2014-05-29,103.58,05/2014,2014
2014-05-30,102.71,05/2014,2014
2014-06-02,102.47,06/2014,2014
2014-06-03,102.66,06/2014,2014
2014-06-04,102.64,06/2014,2014
2014-06-05,102.48,06/2014,2014
2014-06-06,102.66,06/2014,2014
2014-06-09,104.41,06/2014,2014
2014-06-10,104.35,06/2014,2014
2014-06-11,104.4,06/2014,2014
2014-06-12,106.53,06/2014,2014
2014-06-13,106.91,06/2014,2014
2014-06-16,106.9,06/2014,2014
2014-06-17,106.262,06/2014,2014
2014-06-18,105.818,06/2014,2014
2014-06-19,106.202,06/2014,2014
2014-06-20,106.916,06/2014,2014
2014-06-23,106.17,06/2014,2014
2014-06-24,106.03,06/2014,2014
2014-06-25,106.5,06/2014,2014
2014-06-26,105.84,06/2014,2014
2014-06-27,105.74,06/2014,2014
2014-06-30,105.37,06/2014,2014
2014-07-01,105.34,07/2014,2014
2014-07-02,104.48,07/2014,2014
2014-07-03,104.06,07/2014,2014
2014-07-07,103.53,07/2014,2014
2014-07-08,103.4,07/2014,2014
2014-07-09,102.29,07/2014,2014
2014-07-10,102.93,07/2014,2014
2014-07-11,100.83,07/2014,2014
2014-07-14,100.91,07/2014,2014
2014-07-15,99.96,07/2014,2014
2014-07-16,101.2,07/2014,2014
2014-07-17,102.992,07/2014,2014
2014-07-18,102.658,07/2014,2014
2014-07-21,103.552,07/2014,2014
2014-07-22,102.796,07/2014,2014
2014-07-23,103.12,07/2014,2014
2014-07-24,102.07,07/2014,2014
2014-07-25,102.09,07/2014,2014
2014-07-28,101.67,07/2014,2014
2014-07-29,100.97,07/2014,2014
2014-07-30,100.27,07/2014,2014
2014-07-31,98.17,07/2014,2014
2014-08-01,97.88,08/2014,2014
2014-08-04,98.29,08/2014,2014
2014-08-05,97.38,08/2014,2014
2014-08-06,96.92,08/2014,2014
2014-08-07,97.34,08/2014,2014
2014-08-08,97.65,08/2014,2014
2014-08-11,98.08,08/2014,2014
2014-08-12,97.37,08/2014,2014
2014-08-13,97.59,08/2014,2014
2014-08-14,95.58,08/2014,2014
2014-08-15,96.944,08/2014,2014
2014-08-18,95.346,08/2014,2014
2014-08-19,93.508,08/2014,2014
2014-08-20,93.974,08/2014,2014
2014-08-21,93.96,08/2014,2014
2014-08-22,93.65,08/2014,2014
2014-08-25,93.35,08/2014,2014
2014-08-26,93.86,08/2014,2014
2014-08-27,93.88,08/2014,2014
2014-08-28,94.55,08/2014,2014
2014-08-29,95.96,08/2014,2014
2014-09-02,92.88,09/2014,2014
2014-09-03,95.54,09/2014,2014
2014-09-04,94.45,09/2014,2014
2014-09-05,93.29,09/2014,2014
2014-09-08,92.66,09/2014,2014
2014-09-09,92.75,09/2014,2014
2014-09-10,91.67,09/2014,2014
2014-09-11,92.83,09/2014,2014
2014-09-12,92.27,09/2014,2014
2014-09-15,92.92,09/2014,2014
2014-09-16,94.88,09/2014,2014
2014-09-17,94.176,09/2014,2014
2014-09-18,92.634,09/2014,2014
2014-09-19,91.954,09/2014,2014
2014-09-22,91.0,09/2014,2014
2014-09-23,91.56,09/2014,2014
2014-09-24,92.8,09/2014,2014
2014-09-25,92.53,09/2014,2014
2014-09-26,93.54,09/2014,2014
2014-09-29,94.57,09/2014,2014
2014-09-30,91.16,09/2014,2014
2014-10-01,90.73,10/2014,2014
2014-10-02,91.01,10/2014,2014
2014-10-03,89.74,10/2014,2014
2014-10-06,90.34,10/2014,2014
2014-10-07,88.85,10/2014,2014
2014-10-08,87.31,10/2014,2014
2014-10-09,85.77,10/2014,2014
2014-10-10,85.82,10/2014,2014
2014-10-13,85.74,10/2014,2014
2014-10-14,81.84,10/2014,2014
2014-10-15,81.78,10/2014,2014
2014-10-16,82.55,10/2014,2014
2014-10-17,82.474,10/2014,2014
2014-10-20,82.23,10/2014,2014
2014-10-21,82.554,10/2014,2014
2014-10-22,80.52,10/2014,2014
2014-10-23,82.09,10/2014,2014
2014-10-24,81.01,10/2014,2014
2014-10-27,81.0,10/2014,2014
2014-10-28,81.42,10/2014,2014
2014-10-29,82.2,10/2014,2014
2014-10-30,81.12,10/2014,2014
2014-10-31,80.54,10/2014,2014
2014-11-03,78.78,11/2014,2014
2014-11-04,77.19,11/2014,2014
2014-11-05,78.68,11/2014,2014
2014-11-06,77.91,11/2014,2014
2014-11-07,78.65,11/2014,2014
2014-11-10,77.4,11/2014,2014
2014-11-11,77.94,11/2014,2014
2014-11-12,77.18,11/2014,2014
2014-11-13,74.21,11/2014,2014
2014-11-14,75.82,11/2014,2014
2014-11-17,75.644,11/2014,2014
2014-11-18,74.622,11/2014,2014
2014-11-19,74.532,11/2014,2014
2014-11-20,75.796,11/2014,2014
2014-11-21,76.51,11/2014,2014
2014-11-24,75.78,11/2014,2014
2014-11-25,74.09,11/2014,2014
2014-11-26,73.69,11/2014,2014
2014-11-28,66.15,11/2014,2014
2014-12-01,69.0,12/2014,2014
2014-12-02,66.88,12/2014,2014
2014-12-03,67.38,12/2014,2014
2014-12-04,66.81,12/2014,2014
2014-12-05,65.84,12/2014,2014
2014-12-08,63.05,12/2014,2014
2014-12-09,63.82,12/2014,2014
2014-12-10,60.94,12/2014,2014
2014-12-11,59.95,12/2014,2014
2014-12-12,57.81,12/2014,2014
2014-12-15,55.91,12/2014,2014
2014-12-16,55.996,12/2014,2014
2014-12-17,56.598,12/2014,2014
2014-12-18,54.26,12/2014,2014
2014-12-19,57.008,12/2014,2014
2014-12-22,55.26,12/2014,2014
2014-12-23,57.12,12/2014,2014
2014-12-24,55.84,12/2014,2014
2014-12-26,54.73,12/2014,2014
2014-12-29,53.61,12/2014,2014
2014-12-30,54.12,12/2014,2014
2014-12-31,53.27,12/2014,2014
2015-01-02,52.69,01/2015,2015
2015-01-05,50.04,01/2015,2015
2015-01-06,47.93,01/2015,2015
2015-01-07,48.65,01/2015,2015
2015-01-08,48.79,01/2015,2015
2015-01-09,48.36,01/2015,2015
2015-01-12,46.07,01/2015,2015
2015-01-13,45.89,01/2015,2015
2015-01-14,48.576,01/2015,2015
2015-01-15,46.442,01/2015,2015
2015-01-16,48.954,01/2015,2015
2015-01-20,46.454,01/2015,2015
2015-01-21,47.78,01/2015,2015
2015-01-22,46.31,01/2015,2015
2015-01-23,45.59,01/2015,2015
2015-01-26,45.15,01/2015,2015
2015-01-27,46.23,01/2015,2015
2015-01-28,44.45,01/2015,2015
2015-01-29,44.53,01/2015,2015
2015-01-30,48.24,01/2015,2015
2015-02-02,49.57,02/2015,2015
2015-02-03,53.05,02/2015,2015
2015-02-04,48.45,02/2015,2015
2015-02-05,50.48,02/2015,2015
2015-02-06,51.69,02/2015,2015
2015-02-09,52.86,02/2015,2015
2015-02-10,50.02,02/2015,2015
2015-02-11,48.84,02/2015,2015
2015-02-12,51.21,02/2015,2015
2015-02-13,52.78,02/2015,2015
2015-02-17,53.682,02/2015,2015
2015-02-18,52.412,02/2015,2015
2015-02-19,51.562,02/2015,2015
2015-02-20,50.716,02/2015,2015
2015-02-23,49.45,02/2015,2015
2015-02-24,49.28,02/2015,2015
2015-02-25,50.99,02/2015,2015
2015-02-26,48.17,02/2015,2015
2015-02-27,49.76,02/2015,2015
2015-03-02,49.59,03/2015,2015
2015-03-03,50.52,03/2015,2015
2015-03-04,51.53,03/2015,2015
2015-03-05,50.76,03/2015,2015
2015-03-06,49.61,03/2015,2015
2015-03-09,50.0,03/2015,2015
2015-03-10,48.29,03/2015,2015
2015-03-11,48.17,03/2015,2015
2015-03-12,47.05,03/2015,2015
2015-03-13,44.84,03/2015,2015
2015-03-16,43.88,03/2015,2015
2015-03-17,43.806,03/2015,2015
2015-03-18,45.456,03/2015,2015
2015-03-19,44.902,03/2015,2015
2015-03-20,46.4,03/2015,2015
2015-03-23,47.45,03/2015,2015
2015-03-24,47.51,03/2015,2015
2015-03-25,49.21,03/2015,2015
2015-03-26,51.43,03/2015,2015
2015-03-27,48.87,03/2015,2015
2015-03-30,48.68,03/2015,2015
2015-03-31,47.6,03/2015,2015
2015-04-01,50.09,04/2015,2015
2015-04-02,49.14,04/2015,2015
2015-04-06,52.14,04/2015,2015
2015-04-07,53.98,04/2015,2015
2015-04-08,50.42,04/2015,2015
2015-04-09,50.79,04/2015,2015
2015-04-10,51.64,04/2015,2015
2015-04-13,51.91,04/2015,2015
2015-04-14,53.29,04/2015,2015
2015-04-15,56.39,04/2015,2015
2015-04-16,56.99,04/2015,2015
2015-04-17,56.372,04/2015,2015
2015-04-20,57.28,04/2015,2015
2015-04-21,56.34,04/2015,2015
2015-04-22,56.16,04/2015,2015
2015-04-23,57.74,04/2015,2015
2015-04-24,57.15,04/2015,2015
2015-04-27,56.99,04/2015,2015
2015-04-28,57.06,04/2015,2015
2015-04-29,58.58,04/2015,2015
2015-04-30,59.63,04/2015,2015
2015-05-01,59.15,05/2015,2015
2015-05-04,58.93,05/2015,2015
2015-05-05,60.4,05/2015,2015
2015-05-06,60.93,05/2015,2015
2015-05-07,58.94,05/2015,2015
2015-05-08,59.39,05/2015,2015
2015-05-11,59.25,05/2015,2015
2015-05-12,60.75,05/2015,2015
2015-05-13,60.5,05/2015,2015
2015-05-14,60.072,05/2015,2015
2015-05-15,60.03,05/2015,2015
2015-05-18,59.916,05/2015,2015
2015-05-19,57.844,05/2015,2015
2015-05-20,58.98,05/2015,2015
2015-05-21,60.72,05/2015,2015
2015-05-22,59.72,05/2015,2015
2015-05-26,58.03,05/2015,2015
2015-05-27,57.51,05/2015,2015
2015-05-28,57.68,05/2015,2015
2015-05-29,60.3,05/2015,2015
2015-06-01,60.2,06/2015,2015
2015-06-02,61.26,06/2015,2015
2015-06-03,59.64,06/2015,2015
2015-06-04,58.0,06/2015,2015
2015-06-05,59.13,06/2015,2015
2015-06-08,58.14,06/2015,2015
2015-06-09,60.14,06/2015,2015
2015-06-10,61.43,06/2015,2015
2015-06-11,60.77,06/2015,2015
2015-06-12,59.96,06/2015,2015
2015-06-15,59.52,06/2015,2015
2015-06-16,59.97,06/2015,2015
2015-06-17,60.002,06/2015,2015
2015-06-18,60.598,06/2015,2015
2015-06-19,59.826,06/2015,2015
2015-06-22,60.24,06/2015,2015
2015-06-23,61.01,06/2015,2015
2015-06-24,60.27,06/2015,2015
2015-06-25,59.7,06/2015,2015
2015-06-26,59.63,06/2015,2015
2015-06-29,58.33,06/2015,2015
2015-06-30,59.47,06/2015,2015
2015-07-01,56.96,07/2015,2015
2015-07-02,56.93,07/2015,2015
2015-07-06,52.53,07/2015,2015
2015-07-07,52.33,07/2015,2015
2015-07-08,51.65,07/2015,2015
2015-07-09,52.78,07/2015,2015
2015-07-10,52.74,07/2015,2015
2015-07-13,52.2,07/2015,2015
2015-07-14,53.04,07/2015,2015
2015-07-15,51.41,07/2015,2015
2015-07-16,50.976,07/2015,2015
2015-07-17,51.018,07/2015,2015
2015-07-20,50.324,07/2015,2015
2015-07-21,50.76,07/2015,2015
2015-07-22,49.19,07/2015,2015
2015-07-23,48.45,07/2015,2015
2015-07-24,48.14,07/2015,2015
2015-07-27,47.39,07/2015,2015
2015-07-28,47.98,07/2015,2015
2015-07-29,48.79,07/2015,2015
2015-07-30,48.52,07/2015,2015
2015-07-31,47.12,07/2015,2015
2015-08-03,45.17,08/2015,2015
2015-08-04,45.74,08/2015,2015
2015-08-05,45.15,08/2015,2015
2015-08-06,44.66,08/2015,2015
2015-08-07,43.87,08/2015,2015
2015-08-10,44.96,08/2015,2015
2015-08-11,43.08,08/2015,2015
2015-08-12,43.3,08/2015,2015
2015-08-13,42.23,08/2015,2015
2015-08-14,42.5,08/2015,2015
2015-08-17,41.978,08/2015,2015
2015-08-18,42.82,08/2015,2015
2015-08-19,41.082,08/2015,2015
2015-08-20,41.284,08/2015,2015
2015-08-21,40.45,08/2015,2015
2015-08-24,38.24,08/2015,2015
2015-08-25,39.31,08/2015,2015
2015-08-26,38.6,08/2015,2015
2015-08-27,42.56,08/2015,2015
2015-08-28,45.22,08/2015,2015
2015-08-31,49.2,08/2015,2015
2015-09-01,45.41,09/2015,2015
2015-09-02,46.25,09/2015,2015
2015-09-03,46.75,09/2015,2015
2015-09-04,46.05,09/2015,2015
2015-09-08,45.94,09/2015,2015
2015-09-09,44.15,09/2015,2015
2015-09-10,45.92,09/2015,2015
2015-09-11,44.63,09/2015,2015
2015-09-14,44.0,09/2015,2015
2015-09-15,44.59,09/2015,2015
2015-09-16,47.15,09/2015,2015
2015-09-17,46.96,09/2015,2015
2015-09-18,44.816,09/2015,2015
2015-09-21,46.848,09/2015,2015
2015-09-22,46.254,09/2015,2015
2015-09-23,44.48,09/2015,2015
2015-09-24,44.91,09/2015,2015
2015-09-25,45.7,09/2015,2015
2015-09-28,44.43,09/2015,2015
2015-09-29,45.23,09/2015,2015
2015-09-30,45.09,09/2015,2015
2015-10-01,44.74,10/2015,2015
2015-10-02,45.54,10/2015,2015
2015-10-05,46.26,10/2015,2015
2015-10-06,48.53,10/2015,2015
2015-10-07,47.81,10/2015,2015
2015-10-08,49.43,10/2015,2015
2015-10-09,49.63,10/2015,2015
2015-10-12,47.1,10/2015,2015
2015-10-13,46.66,10/2015,2015
2015-10-14,46.64,10/2015,2015
2015-10-15,46.478,10/2015,2015
2015-10-16,47.444,10/2015,2015
2015-10-19,46.124,10/2015,2015
2015-10-20,46.142,10/2015,2015
2015-10-21,45.2,10/2015,2015
2015-10-22,45.38,10/2015,2015
2015-10-23,44.6,10/2015,2015
2015-10-26,43.98,10/2015,2015
2015-10-27,43.2,10/2015,2015
2015-10-28,45.94,10/2015,2015
2015-10-29,46.06,10/2015,2015
2015-10-30,46.59,10/2015,2015
2015-11-02,46.14,11/2015,2015
2015-11-03,47.9,11/2015,2015
2015-11-04,46.32,11/2015,2015
2015-11-05,45.2,11/2015,2015
2015-11-06,44.29,11/2015,2015
2015-11-09,43.87,11/2015,2015
2015-11-10,44.21,11/2015,2015
2015-11-11,42.93,11/2015,2015
2015-11-12,41.75,11/2015,2015
2015-11-13,40.74,11/2015,2015
2015-11-16,41.74,11/2015,2015
2015-11-17,40.878,11/2015,2015
2015-11-18,41.23,11/2015,2015
2015-11-19,41.248,11/2015,2015
2015-11-20,41.598,11/2015,2015
2015-11-23,41.75,11/2015,2015
2015-11-24,42.87,11/2015,2015
2015-11-25,43.04,11/2015,2015
2015-11-27,41.71,11/2015,2015
2015-11-30,41.65,11/2015,2015
2015-12-01,41.85,12/2015,2015
2015-12-02,39.94,12/2015,2015
2015-12-03,41.08,12/2015,2015
2015-12-04,39.97,12/2015,2015
2015-12-07,37.65,12/2015,2015
2015-12-08,37.51,12/2015,2015
2015-12-09,37.16,12/2015,2015
2015-12-10,36.76,12/2015,2015
2015-12-11,35.62,12/2015,2015
2015-12-14,36.31,12/2015,2015
2015-12-15,37.35,12/2015,2015
2015-12-16,35.766,12/2015,2015
2015-12-17,35.478,12/2015,2015
2015-12-18,35.528,12/2015,2015
2015-12-21,35.596,12/2015,2015
2015-12-22,36.14,12/2015,2015
2015-12-23,37.5,12/2015,2015
2015-12-24,38.1,12/2015,2015
2015-12-28,36.81,12/2015,2015
2015-12-29,37.87,12/2015,2015
2015-12-30,36.6,12/2015,2015
2015-12-31,37.04,12/2015,2015
2016-01-04,36.76,01/2016,2016
2016-01-05,35.97,01/2016,2016
2016-01-06,33.97,01/2016,2016
2016-01-07,33.27,01/2016,2016
2016-01-08,33.16,01/2016,2016
2016-01-11,31.41,01/2016,2016
2016-01-12,30.44,01/2016,2016
2016-01-13,30.48,01/2016,2016
2016-01-14,31.382,01/2016,2016
2016-01-15,29.808,01/2016,2016
2016-01-19,29.126,01/2016,2016
2016-01-20,27.99,01/2016,2016
2016-01-21,29.53,01/2016,2016
2016-01-22,32.19,01/2016,2016
2016-01-25,30.34,01/2016,2016
2016-01-26,31.45,01/2016,2016
2016-01-27,32.3,01/2016,2016
2016-01-28,33.22,01/2016,2016
2016-01-29,33.62,01/2016,2016
2016-02-01,31.62,02/2016,2016
2016-02-02,29.88,02/2016,2016
2016-02-03,32.28,02/2016,2016
2016-02-04,31.72,02/2016,2016
2016-02-05,30.89,02/2016,2016
2016-02-08,29.69,02/2016,2016
2016-02-09,27.94,02/2016,2016
2016-02-10,27.45,02/2016,2016
2016-02-11,26.21,02/2016,2016
2016-02-12,29.44,02/2016,2016
2016-02-16,29.04,02/2016,2016
2016-02-17,31.124,02/2016,2016
2016-02-18,31.634,02/2016,2016
2016-02-19,30.906,02/2016,2016
2016-02-22,33.008,02/2016,2016
2016-02-23,31.87,02/2016,2016
2016-02-24,32.15,02/2016,2016
2016-02-25,33.07,02/2016,2016
2016-02-26,32.78,02/2016,2016
2016-02-29,33.75,02/2016,2016
2016-03-01,34.4,03/2016,2016
2016-03-02,34.66,03/2016,2016
2016-03-03,34.57,03/2016,2016
2016-03-04,35.92,03/2016,2016
2016-03-07,37.9,03/2016,2016
2016-03-08,36.5,03/2016,2016
2016-03-09,38.29,03/2016,2016
2016-03-10,37.84,03/2016,2016
2016-03-11,38.5,03/2016,2016
2016-03-14,37.18,03/2016,2016
2016-03-15,36.34,03/2016,2016
2016-03-16,38.768,03/2016,2016
2016-03-17,40.784,03/2016,2016
2016-03-18,40.46,03/2016,2016
2016-03-21,41.198,03/2016,2016
2016-03-22,41.45,03/2016,2016
2016-03-23,39.79,03/2016,2016
2016-03-24,39.46,03/2016,2016
2016-03-28,39.39,03/2016,2016
2016-03-29,38.28,03/2016,2016
2016-03-30,38.32,03/2016,2016
2016-03-31,38.34,03/2016,2016
2016-04-01,36.79,04/2016,2016
2016-04-04,35.7,04/2016,2016
2016-04-05,35.89,04/2016,2016
2016-04-06,37.75,04/2016,2016
2016-04-07,37.26,04/2016,2016
2016-04-08,39.72,04/2016,2016
2016-04-11,40.36,04/2016,2016
2016-04-12,42.17,04/2016,2016
2016-04-13,41.76,04/2016,2016
2016-04-14,41.5,04/2016,2016
2016-04-15,40.63,04/2016,2016
2016-04-18,40.344,04/2016,2016
2016-04-19,41.914,04/2016,2016
2016-04-20,43.87,04/2016,2016
2016-04-21,43.18,04/2016,2016
2016-04-22,43.73,04/2016,2016
2016-04-25,42.64,04/2016,2016
2016-04-26,44.04,04/2016,2016
2016-04-27,45.33,04/2016,2016
2016-04-28,46.03,04/2016,2016
2016-04-29,45.92,04/2016,2016
2016-05-02,44.78,05/2016,2016
2016-05-03,43.65,05/2016,2016
2016-05-04,43.78,05/2016,2016
2016-05-05,44.32,05/2016,2016
2016-05-06,44.66,05/2016,2016
2016-05-09,43.44,05/2016,2016
2016-05-10,44.66,05/2016,2016
2016-05-11,46.23,05/2016,2016
2016-05-12,46.7,05/2016,2016
2016-05-13,46.21,05/2016,2016
2016-05-16,47.72,05/2016,2016
2016-05-17,48.446,05/2016,2016
2016-05-18,48.426,05/2016,2016
2016-05-19,48.466,05/2016,2016
2016-05-20,48.278,05/2016,2016
2016-05-23,48.08,05/2016,2016
2016-05-24,48.62,05/2016,2016
2016-05-25,49.56,05/2016,2016
2016-05-26,49.48,05/2016,2016
2016-05-27,49.33,05/2016,2016
2016-05-31,49.1,05/2016,2016
2016-06-01,49.01,06/2016,2016
2016-06-02,49.17,06/2016,2016
2016-06-03,48.62,06/2016,2016
2016-06-06,49.69,06/2016,2016
2016-06-07,50.36,06/2016,2016
2016-06-08,51.23,06/2016,2016
2016-06-09,50.56,06/2016,2016
2016-06-10,49.07,06/2016,2016
2016-06-13,48.88,06/2016,2016
2016-06-14,48.49,06/2016,2016
2016-06-15,48.01,06/2016,2016
2016-06-16,46.316,06/2016,2016
2016-06-17,48.212,06/2016,2016
2016-06-20,49.724,06/2016,2016
2016-06-21,49.65,06/2016,2016
2016-06-22,49.13,06/2016,2016
2016-06-23,50.11,06/2016,2016
2016-06-24,47.64,06/2016,2016
2016-06-27,46.33,06/2016,2016
2016-06-28,47.85,06/2016,2016
2016-06-29,49.88,06/2016,2016
2016-06-30,48.33,06/2016,2016
2016-07-01,48.99,07/2016,2016
2016-07-05,46.6,07/2016,2016
2016-07-06,47.43,07/2016,2016
2016-07-07,45.14,07/2016,2016
2016-07-08,45.41,07/2016,2016
2016-07-11,44.76,07/2016,2016
2016-07-12,46.8,07/2016,2016
2016-07-13,44.75,07/2016,2016
2016-07-14,45.68,07/2016,2016
2016-07-15,46.09,07/2016,2016
2016-07-18,45.52,07/2016,2016
2016-07-19,45.13,07/2016,2016
2016-07-20,45.588,07/2016,2016
2016-07-21,44.75,07/2016,2016
2016-07-22,44.19,07/2016,2016
2016-07-25,43.13,07/2016,2016
2016-07-26,42.92,07/2016,2016
2016-07-27,41.92,07/2016,2016
2016-07-28,41.14,07/2016,2016
2016-07-29,41.6,07/2016,2016
2016-08-01,40.06,08/2016,2016
2016-08-02,39.51,08/2016,2016
2016-08-03,40.83,08/2016,2016
2016-08-04,41.93,08/2016,2016
2016-08-05,41.8,08/2016,2016
2016-08-08,43.02,08/2016,2016
2016-08-09,42.77,08/2016,2016
2016-08-10,41.71,08/2016,2016
2016-08-11,43.49,08/2016,2016
2016-08-12,44.49,08/2016,2016
2016-08-15,45.74,08/2016,2016
2016-08-16,46.58,08/2016,2016
2016-08-17,46.936,08/2016,2016
2016-08-18,48.488,08/2016,2016
2016-08-19,48.874,08/2016,2016
2016-08-22,47.338,08/2016,2016
2016-08-23,48.1,08/2016,2016
2016-08-24,46.77,08/2016,2016
2016-08-25,47.33,08/2016,2016
2016-08-26,47.64,08/2016,2016
2016-08-29,46.98,08/2016,2016
2016-08-30,46.35,08/2016,2016
2016-08-31,44.7,08/2016,2016
2016-09-01,43.16,09/2016,2016
2016-09-02,44.44,09/2016,2016
2016-09-06,44.83,09/2016,2016
2016-09-07,45.5,09/2016,2016
2016-09-08,47.62,09/2016,2016
2016-09-09,45.88,09/2016,2016
2016-09-12,46.29,09/2016,2016
2016-09-13,44.9,09/2016,2016
2016-09-14,43.58,09/2016,2016
2016-09-15,44.032,09/2016,2016
2016-09-16,43.266,09/2016,2016
2016-09-19,43.636,09/2016,2016
2016-09-20,43.928,09/2016,2016
2016-09-21,45.34,09/2016,2016
2016-09-22,46.32,09/2016,2016
2016-09-23,44.48,09/2016,2016
2016-09-26,45.93,09/2016,2016
2016-09-27,44.67,09/2016,2016
2016-09-28,47.05,09/2016,2016
2016-09-29,47.83,09/2016,2016
2016-09-30,48.24,09/2016,2016
2016-10-03,48.81,10/2016,2016
2016-10-04,48.69,10/2016,2016
2016-10-05,49.83,10/2016,2016
2016-10-06,50.44,10/2016,2016
2016-10-07,49.81,10/2016,2016
2016-10-10,51.35,10/2016,2016
2016-10-11,50.79,10/2016,2016
2016-10-12,50.18,10/2016,2016
2016-10-13,50.44,10/2016,2016
2016-10-14,50.35,10/2016,2016
2016-10-17,50.026,10/2016,2016
2016-10-18,50.422,10/2016,2016
2016-10-19,51.732,10/2016,2016
2016-10-20,50.59,10/2016,2016
2016-10-21,50.85,10/2016,2016
2016-10-24,50.52,10/2016,2016
2016-10-25,49.96,10/2016,2016
2016-10-26,49.18,10/2016,2016
2016-10-27,49.72,10/2016,2016
2016-10-28,48.7,10/2016,2016
2016-10-31,46.86,10/2016,2016
2016-11-01,46.67,11/2016,2016
2016-11-02,45.34,11/2016,2016
2016-11-03,44.66,11/2016,2016
2016-11-04,44.07,11/2016,2016
2016-11-07,44.89,11/2016,2016
2016-11-08,44.98,11/2016,2016
2016-11-09,45.27,11/2016,2016
2016-11-10,44.66,11/2016,2016
2016-11-11,43.41,11/2016,2016
2016-11-14,43.32,11/2016,2016
2016-11-15,45.81,11/2016,2016
2016-11-16,45.676,11/2016,2016
2016-11-17,45.644,11/2016,2016
2016-11-18,46.092,11/2016,2016
2016-11-21,48.09,11/2016,2016
2016-11-22,48.03,11/2016,2016
2016-11-23,47.96,11/2016,2016
2016-11-25,46.06,11/2016,2016
2016-11-28,47.08,11/2016,2016
2016-11-29,45.23,11/2016,2016
2016-11-30,49.44,11/2016,2016
2016-12-01,51.06,12/2016,2016
2016-12-02,51.68,12/2016,2016
2016-12-05,51.79,12/2016,2016
2016-12-06,50.93,12/2016,2016
2016-12-07,49.77,12/2016,2016
2016-12-08,50.84,12/2016,2016
2016-12-09,51.5,12/2016,2016
2016-12-12,52.83,12/2016,2016
2016-12-13,52.98,12/2016,2016
2016-12-14,51.04,12/2016,2016
2016-12-15,51.114,12/2016,2016
2016-12-16,52.32,12/2016,2016
2016-12-19,52.684,12/2016,2016
2016-12-20,53.086,12/2016,2016
2016-12-21,52.49,12/2016,2016
2016-12-22,52.95,12/2016,2016
2016-12-23,53.02,12/2016,2016
2016-12-27,53.9,12/2016,2016
2016-12-28,54.06,12/2016,2016
2016-12-29,53.77,12/2016,2016
2016-12-30,53.72,12/2016,2016
2017-01-03,52.33,01/2017,2017
2017-01-04,53.26,01/2017,2017
2017-01-05,53.76,01/2017,2017
2017-01-06,53.99,01/2017,2017
2017-01-09,51.96,01/2017,2017
2017-01-10,50.82,01/2017,2017
2017-01-11,52.25,01/2017,2017
2017-01-12,53.01,01/2017,2017
2017-01-13,52.37,01/2017,2017
2017-01-17,52.636,01/2017,2017
2017-01-18,51.404,01/2017,2017
2017-01-19,51.82,01/2017,2017
2017-01-20,53.06,01/2017,2017
2017-01-23,52.75,01/2017,2017
2017-01-24,53.18,01/2017,2017
2017-01-25,52.75,01/2017,2017
2017-01-26,53.78,01/2017,2017
2017-01-27,53.17,01/2017,2017
2017-01-30,52.63,01/2017,2017
2017-01-31,52.81,01/2017,2017
2017-02-01,53.88,02/2017,2017
2017-02-02,53.54,02/2017,2017
2017-02-03,53.83,02/2017,2017
2017-02-06,53.01,02/2017,2017
2017-02-07,52.17,02/2017,2017
2017-02-08,52.34,02/2017,2017
2017-02-09,53.0,02/2017,2017
2017-02-10,53.86,02/2017,2017
2017-02-13,52.93,02/2017,2017
2017-02-14,53.2,02/2017,2017
2017-02-15,53.208,02/2017,2017
2017-02-16,53.516,02/2017,2017
2017-02-17,53.628,02/2017,2017
2017-02-21,54.276,02/2017,2017
2017-02-22,53.59,02/2017,2017
2017-02-23,54.45,02/2017,2017
2017-02-24,53.99,02/2017,2017
2017-02-27,54.05,02/2017,2017
2017-02-28,54.01,02/2017,2017
2017-03-01,53.83,03/2017,2017
2017-03-02,52.61,03/2017,2017
2017-03-03,53.33,03/2017,2017
2017-03-06,53.2,03/2017,2017
2017-03-07,53.14,03/2017,2017
2017-03-08,50.28,03/2017,2017
2017-03-09,49.28,03/2017,2017
2017-03-10,48.49,03/2017,2017
2017-03-13,48.4,03/2017,2017
2017-03-14,47.72,03/2017,2017
2017-03-15,48.86,03/2017,2017
2017-03-16,48.848,03/2017,2017
2017-03-17,48.992,03/2017,2017
2017-03-20,48.634,03/2017,2017
2017-03-21,48.06,03/2017,2017
2017-03-22,48.04,03/2017,2017
2017-03-23,47.7,03/2017,2017
2017-03-24,47.97,03/2017,2017
2017-03-27,47.73,03/2017,2017
2017-03-28,48.37,03/2017,2017
2017-03-29,49.51,03/2017,2017
2017-03-30,50.35,03/2017,2017
2017-03-31,50.6,03/2017,2017
2017-04-03,50.24,04/2017,2017
2017-04-04,51.03,04/2017,2017
2017-04-05,51.15,04/2017,2017
2017-04-06,51.7,04/2017,2017
2017-04-07,52.24,04/2017,2017
2017-04-10,53.08,04/2017,2017
2017-04-11,53.4,04/2017,2017
2017-04-12,53.11,04/2017,2017
2017-04-13,53.18,04/2017,2017
2017-04-17,52.742,04/2017,2017
2017-04-18,52.586,04/2017,2017
2017-04-19,50.686,04/2017,2017
2017-04-20,50.622,04/2017,2017
2017-04-21,49.62,04/2017,2017
2017-04-24,49.23,04/2017,2017
2017-04-25,49.56,04/2017,2017
2017-04-26,49.62,04/2017,2017
2017-04-27,48.97,04/2017,2017
2017-04-28,49.33,04/2017,2017
2017-05-01,48.84,05/2017,2017
2017-05-02,47.66,05/2017,2017
2017-05-03,47.82,05/2017,2017
2017-05-04,45.52,05/2017,2017
2017-05-05,46.22,05/2017,2017
2017-05-08,46.43,05/2017,2017
2017-05-09,45.88,05/2017,2017
2017-05-10,47.33,05/2017,2017
2017-05-11,47.83,05/2017,2017
2017-05-12,47.84,05/2017,2017
2017-05-15,48.85,05/2017,2017
2017-05-16,48.66,05/2017,2017
2017-05-17,49.138,05/2017,2017
2017-05-18,49.474,05/2017,2017
2017-05-19,50.534,05/2017,2017
2017-05-22,51.05,05/2017,2017
2017-05-23,51.47,05/2017,2017
2017-05-24,51.36,05/2017,2017
2017-05-25,48.9,05/2017,2017
2017-05-26,49.8,05/2017,2017
2017-05-30,49.66,05/2017,2017
2017-05-31,48.32,05/2017,2017
2017-06-01,48.36,06/2017,2017
2017-06-02,47.66,06/2017,2017
2017-06-05,47.4,06/2017,2017
2017-06-06,48.19,06/2017,2017
2017-06-07,45.72,06/2017,2017
2017-06-08,45.64,06/2017,2017
2017-06-09,45.83,06/2017,2017
2017-06-12,46.08,06/2017,2017
2017-06-13,46.46,06/2017,2017
2017-06-14,44.73,06/2017,2017
2017-06-15,44.504,06/2017,2017
2017-06-16,44.832,06/2017,2017
2017-06-19,44.338,06/2017,2017
2017-06-20,43.454,06/2017,2017
2017-06-21,42.53,06/2017,2017
2017-06-22,42.74,06/2017,2017
2017-06-23,43.01,06/2017,2017
2017-06-26,43.38,06/2017,2017
2017-06-27,44.24,06/2017,2017
2017-06-28,44.74,06/2017,2017
2017-06-29,44.93,06/2017,2017
2017-06-30,46.04,06/2017,2017
2017-07-03,47.07,07/2017,2017
2017-07-05,45.13,07/2017,2017
2017-07-06,45.52,07/2017,2017
2017-07-07,44.23,07/2017,2017
2017-07-10,44.4,07/2017,2017
2017-07-11,45.04,07/2017,2017
2017-07-12,45.49,07/2017,2017
2017-07-13,46.08,07/2017,2017
2017-07-14,46.54,07/2017,2017
2017-07-17,46.062,07/2017,2017
2017-07-18,46.476,07/2017,2017
2017-07-19,47.24,07/2017,2017
2017-07-20,46.894,07/2017,2017
2017-07-21,45.77,07/2017,2017
2017-07-24,46.34,07/2017,2017
2017-07-25,47.89,07/2017,2017
2017-07-26,48.75,07/2017,2017
2017-07-27,49.04,07/2017,2017
2017-07-28,49.71,07/2017,2017
2017-07-31,50.17,07/2017,2017
2017-08-01,49.16,08/2017,2017
2017-08-02,49.59,08/2017,2017
2017-08-03,49.03,08/2017,2017
2017-08-04,49.58,08/2017,2017
2017-08-07,49.39,08/2017,2017
2017-08-08,49.17,08/2017,2017
2017-08-09,49.56,08/2017,2017
2017-08-10,48.59,08/2017,2017
2017-08-11,48.82,08/2017,2017
2017-08-14,47.59,08/2017,2017
2017-08-15,47.55,08/2017,2017
2017-08-16,46.78,08/2017,2017
2017-08-17,47.12,08/2017,2017
2017-08-18,48.57,08/2017,2017
2017-08-21,47.466,08/2017,2017
2017-08-22,47.792,08/2017,2017
2017-08-23,48.41,08/2017,2017
2017-08-24,47.43,08/2017,2017
2017-08-25,47.87,08/2017,2017
2017-08-28,46.57,08/2017,2017
2017-08-29,46.44,08/2017,2017
2017-08-30,45.96,08/2017,2017
2017-08-31,47.23,08/2017,2017
2017-09-01,47.29,09/2017,2017
2017-09-05,48.66,09/2017,2017
2017-09-06,49.16,09/2017,2017
2017-09-07,49.09,09/2017,2017
2017-09-08,47.48,09/2017,2017
2017-09-11,48.07,09/2017,2017
2017-09-12,48.23,09/2017,2017
2017-09-13,49.3,09/2017,2017
2017-09-14,49.89,09/2017,2017
2017-09-15,50.0,09/2017,2017
2017-09-18,50.086,09/2017,2017
2017-09-19,49.732,09/2017,2017
2017-09-20,50.634,09/2017,2017
2017-09-21,50.55,09/2017,2017
2017-09-22,50.66,09/2017,2017
2017-09-25,52.22,09/2017,2017
2017-09-26,51.88,09/2017,2017
2017-09-27,52.14,09/2017,2017
2017-09-28,51.56,09/2017,2017
2017-09-29,51.67,09/2017,2017
2017-10-02,50.58,10/2017,2017
2017-10-03,50.42,10/2017,2017
2017-10-04,49.98,10/2017,2017
2017-10-05,50.79,10/2017,2017
2017-10-06,49.29,10/2017,2017
2017-10-09,49.58,10/2017,2017
2017-10-10,50.92,10/2017,2017
2017-10-11,51.3,10/2017,2017
2017-10-12,50.6,10/2017,2017
2017-10-13,51.45,10/2017,2017
2017-10-16,51.87,10/2017,2017
2017-10-17,51.926,10/2017,2017
2017-10-18,52.128,10/2017,2017
2017-10-19,51.422,10/2017,2017
2017-10-20,51.766,10/2017,2017
2017-10-23,51.9,10/2017,2017
2017-10-24,52.47,10/2017,2017
2017-10-25,52.18,10/2017,2017
2017-10-26,52.64,10/2017,2017
2017-10-27,53.9,10/2017,2017
2017-10-30,54.15,10/2017,2017
2017-10-31,54.38,10/2017,2017
2017-11-01,54.3,11/2017,2017
2017-11-02,54.54,11/2017,2017
2017-11-03,55.64,11/2017,2017
2017-11-06,57.35,11/2017,2017
2017-11-07,57.2,11/2017,2017
2017-11-08,56.81,11/2017,2017
2017-11-09,57.17,11/2017,2017
2017-11-10,56.74,11/2017,2017
2017-11-13,56.76,11/2017,2017
2017-11-14,55.7,11/2017,2017
2017-11-15,55.368,11/2017,2017
2017-11-16,55.224,11/2017,2017
2017-11-17,56.646,11/2017,2017
2017-11-20,56.354,11/2017,2017
2017-11-21,56.83,11/2017,2017
2017-11-22,58.02,11/2017,2017
2017-11-24,58.95,11/2017,2017
2017-11-27,58.11,11/2017,2017
2017-11-28,57.99,11/2017,2017
2017-11-29,57.3,11/2017,2017
2017-11-30,57.4,11/2017,2017
2017-12-01,58.36,12/2017,2017
2017-12-04,57.47,12/2017,2017
2017-12-05,57.62,12/2017,2017
2017-12-06,55.96,12/2017,2017
2017-12-07,56.69,12/2017,2017
2017-12-08,57.36,12/2017,2017
2017-12-11,57.99,12/2017,2017
2017-12-12,57.14,12/2017,2017
2017-12-13,56.6,12/2017,2017
2017-12-14,57.048,12/2017,2017
2017-12-15,57.312,12/2017,2017
2017-12-18,57.196,12/2017,2017
2017-12-19,57.54,12/2017,2017
2017-12-20,58.09,12/2017,2017
2017-12-21,58.36,12/2017,2017
2017-12-22,58.47,12/2017,2017
2017-12-26,59.97,12/2017,2017
2017-12-27,59.64,12/2017,2017
2017-12-28,59.84,12/2017,2017
2017-12-29,60.42,12/2017,2017
2018-01-02,60.37,01/2018,2018
2018-01-03,61.63,01/2018,2018
2018-01-04,62.01,01/2018,2018
2018-01-05,61.44,01/2018,2018
2018-01-08,61.73,01/2018,2018
2018-01-09,62.96,01/2018,2018
2018-01-10,63.57,01/2018,2018
2018-01-11,63.8,01/2018,2018
2018-01-12,64.3,01/2018,2018
2018-01-16,63.73,01/2018,2018
2018-01-17,63.96,01/2018,2018
2018-01-18,63.926,01/2018,2018
2018-01-19,63.334,01/2018,2018
2018-01-22,63.554,01/2018,2018
2018-01-23,64.47,01/2018,2018
2018-01-24,65.61,01/2018,2018
2018-01-25,65.51,01/2018,2018
2018-01-26,66.14,01/2018,2018
2018-01-29,65.56,01/2018,2018
2018-01-30,64.5,01/2018,2018
2018-01-31,64.73,01/2018,2018
2018-02-01,65.8,02/2018,2018
2018-02-02,65.45,02/2018,2018
2018-02-05,64.15,02/2018,2018
2018-02-06,63.39,02/2018,2018
2018-02-07,61.79,02/2018,2018
2018-02-08,61.15,02/2018,2018
2018-02-09,59.2,02/2018,2018
2018-02-12,59.29,02/2018,2018
2018-02-13,59.19,02/2018,2018
2018-02-14,60.582,02/2018,2018
2018-02-15,61.272,02/2018,2018
2018-02-16,61.602,02/2018,2018
2018-02-20,61.812,02/2018,2018
2018-02-21,61.68,02/2018,2018
2018-02-22,62.77,02/2018,2018
2018-02-23,63.55,02/2018,2018
2018-02-26,63.91,02/2018,2018
2018-02-27,63.01,02/2018,2018
2018-02-28,61.64,02/2018,2018
2018-03-01,60.99,03/2018,2018
2018-03-02,61.25,03/2018,2018
2018-03-05,62.57,03/2018,2018
2018-03-06,62.6,03/2018,2018
2018-03-07,61.15,03/2018,2018
2018-03-08,60.12,03/2018,2018
2018-03-09,62.04,03/2018,2018
2018-03-12,61.36,03/2018,2018
2018-03-13,60.71,03/2018,2018
2018-03-14,60.96,03/2018,2018
2018-03-15,61.202,03/2018,2018
2018-03-16,62.368,03/2018,2018
2018-03-19,62.102,03/2018,2018
2018-03-20,63.512,03/2018,2018
2018-03-21,65.17,03/2018,2018
2018-03-22,64.3,03/2018,2018
2018-03-23,65.88,03/2018,2018
2018-03-26,65.55,03/2018,2018
2018-03-27,65.25,03/2018,2018
2018-03-28,64.38,03/2018,2018
2018-03-29,64.94,03/2018,2018
2018-04-02,63.01,04/2018,2018
2018-04-03,63.51,04/2018,2018
2018-04-04,63.37,04/2018,2018
2018-04-05,63.54,04/2018,2018
2018-04-06,62.06,04/2018,2018
2018-04-09,63.42,04/2018,2018
2018-04-10,65.51,04/2018,2018
2018-04-11,66.82,04/2018,2018
2018-04-12,67.07,04/2018,2018
2018-04-13,67.39,04/2018,2018
2018-04-16,66.22,04/2018,2018
2018-04-17,66.518,04/2018,2018
2018-04-18,68.47,04/2018,2018
2018-04-19,68.314,04/2018,2018
2018-04-20,68.396,04/2018,2018
2018-04-23,68.64,04/2018,2018
2018-04-24,67.7,04/2018,2018
2018-04-25,68.05,04/2018,2018
2018-04-26,68.19,04/2018,2018
2018-04-27,68.1,04/2018,2018
2018-04-30,68.57,04/2018,2018
2018-05-01,67.25,05/2018,2018
2018-05-02,67.93,05/2018,2018
2018-05-03,68.43,05/2018,2018
2018-05-04,69.72,05/2018,2018
2018-05-07,70.73,05/2018,2018
2018-05-08,69.06,05/2018,2018
2018-05-09,71.14,05/2018,2018
2018-05-10,71.36,05/2018,2018
2018-05-11,70.7,05/2018,2018
2018-05-14,70.96,05/2018,2018
2018-05-15,71.31,05/2018,2018
2018-05-16,71.49,05/2018,2018
2018-05-17,71.506,05/2018,2018
2018-05-18,71.316,05/2018,2018
2018-05-21,72.306,05/2018,2018
2018-05-22,72.186,05/2018,2018
2018-05-23,71.84,05/2018,2018
2018-05-24,70.71,05/2018,2018
2018-05-25,67.88,05/2018,2018
2018-05-29,66.73,05/2018,2018
2018-05-30,68.21,05/2018,2018
2018-05-31,67.04,05/2018,2018
2018-06-01,65.81,06/2018,2018
2018-06-04,64.75,06/2018,2018
2018-06-05,65.52,06/2018,2018
2018-06-06,64.73,06/2018,2018
2018-06-07,65.95,06/2018,2018
2018-06-08,65.74,06/2018,2018
2018-06-11,66.1,06/2018,2018
2018-06-12,66.36,06/2018,2018
2018-06-13,66.64,06/2018,2018
2018-06-14,66.89,06/2018,2018
2018-06-15,65.018,06/2018,2018
2018-06-18,65.786,06/2018,2018
2018-06-19,64.968,06/2018,2018
2018-06-20,65.812,06/2018,2018
2018-06-21,65.54,06/2018,2018
2018-06-22,68.58,06/2018,2018
2018-06-25,68.08,06/2018,2018
2018-06-26,70.53,06/2018,2018
2018-06-27,72.76,06/2018,2018
2018-06-28,73.45,06/2018,2018
2018-06-29,74.15,06/2018,2018
2018-07-02,73.94,07/2018,2018
2018-07-03,74.14,07/2018,2018
2018-07-05,72.94,07/2018,2018
2018-07-06,73.8,07/2018,2018
2018-07-09,73.85,07/2018,2018
2018-07-10,74.11,07/2018,2018
2018-07-11,70.38,07/2018,2018
2018-07-12,70.33,07/2018,2018
2018-07-13,71.01,07/2018,2018
2018-07-16,68.06,07/2018,2018
2018-07-17,67.896,07/2018,2018
2018-07-18,68.356,07/2018,2018
2018-07-19,68.728,07/2018,2018
2018-07-20,68.7,07/2018,2018
2018-07-23,67.89,07/2018,2018
2018-07-24,68.52,07/2018,2018
2018-07-25,69.3,07/2018,2018
2018-07-26,69.61,07/2018,2018
2018-07-27,68.69,07/2018,2018
2018-07-30,70.13,07/2018,2018
2018-07-31,68.76,07/2018,2018
2018-08-01,67.66,08/2018,2018
2018-08-02,68.96,08/2018,2018
2018-08-03,68.49,08/2018,2018
2018-08-06,69.01,08/2018,2018
2018-08-07,69.17,08/2018,2018
2018-08-08,66.94,08/2018,2018
2018-08-09,66.81,08/2018,2018
2018-08-10,67.63,08/2018,2018
2018-08-13,67.2,08/2018,2018
2018-08-14,67.04,08/2018,2018
2018-08-15,65.01,08/2018,2018
2018-08-16,65.344,08/2018,2018
2018-08-17,65.63,08/2018,2018
2018-08-20,65.824,08/2018,2018
2018-08-21,66.142,08/2018,2018
2018-08-22,67.86,08/2018,2018
2018-08-23,67.83,08/2018,2018
2018-08-24,68.72,08/2018,2018
2018-08-27,68.87,08/2018,2018
2018-08-28,68.53,08/2018,2018
2018-08-29,69.51,08/2018,2018
2018-08-30,70.25,08/2018,2018
2018-08-31,69.8,08/2018,2018
2018-09-04,69.87,09/2018,2018
2018-09-05,68.72,09/2018,2018
2018-09-06,67.77,09/2018,2018
2018-09-07,67.75,09/2018,2018
2018-09-10,67.54,09/2018,2018
2018-09-11,69.25,09/2018,2018
2018-09-12,70.37,09/2018,2018
2018-09-13,68.59,09/2018,2018
2018-09-14,68.99,09/2018,2018
2018-09-17,68.864,09/2018,2018
2018-09-18,69.746,09/2018,2018
2018-09-19,70.91,09/2018,2018
2018-09-20,70.416,09/2018,2018
2018-09-21,70.78,09/2018,2018
2018-09-24,72.08,09/2018,2018
2018-09-25,72.28,09/2018,2018
2018-09-26,71.57,09/2018,2018
2018-09-27,72.12,09/2018,2018
2018-09-28,73.25,09/2018,2018
2018-10-01,75.3,10/2018,2018
2018-10-02,75.23,10/2018,2018
2018-10-03,76.41,10/2018,2018
2018-10-04,74.33,10/2018,2018
2018-10-05,74.34,10/2018,2018
2018-10-08,74.29,10/2018,2018
2018-10-09,74.96,10/2018,2018
2018-10-10,73.17,10/2018,2018
2018-10-11,70.97,10/2018,2018
2018-10-12,71.34,10/2018,2018
2018-10-15,71.78,10/2018,2018
2018-10-16,71.92,10/2018,2018
2018-10-17,69.74,10/2018,2018
2018-10-18,68.674,10/2018,2018
2018-10-19,69.216,10/2018,2018
2018-10-22,69.322,10/2018,2018
2018-10-23,66.43,10/2018,2018
2018-10-24,66.82,10/2018,2018
2018-10-25,67.33,10/2018,2018
2018-10-26,67.59,10/2018,2018
2018-10-29,67.04,10/2018,2018
2018-10-30,66.18,10/2018,2018
2018-10-31,65.31,10/2018,2018
2018-11-01,63.69,11/2018,2018
2018-11-02,63.14,11/2018,2018
2018-11-05,63.1,11/2018,2018
2018-11-06,62.21,11/2018,2018
2018-11-07,61.67,11/2018,2018
2018-11-08,60.67,11/2018,2018
2018-11-09,60.19,11/2018,2018
2018-11-12,59.93,11/2018,2018
2018-11-13,55.69,11/2018,2018
2018-11-14,56.288,11/2018,2018
2018-11-15,56.548,11/2018,2018
2018-11-16,56.592,11/2018,2018
2018-11-19,57.112,11/2018,2018
2018-11-20,53.43,11/2018,2018
2018-11-21,54.63,11/2018,2018
2018-11-23,50.42,11/2018,2018
2018-11-26,51.63,11/2018,2018
2018-11-27,51.56,11/2018,2018
2018-11-28,50.29,11/2018,2018
2018-11-29,51.45,11/2018,2018
2018-11-30,50.93,11/2018,2018
2018-12-03,52.95,12/2018,2018
2018-12-04,53.25,12/2018,2018
2018-12-05,52.89,12/2018,2018
2018-12-06,51.49,12/2018,2018
2018-12-07,52.61,12/2018,2018
2018-12-10,51.0,12/2018,2018
2018-12-11,51.65,12/2018,2018
2018-12-12,51.15,12/2018,2018
2018-12-13,52.58,12/2018,2018
2018-12-14,51.254,12/2018,2018
2018-12-17,50.008,12/2018,2018
2018-12-18,46.456,12/2018,2018
2018-12-19,47.976,12/2018,2018
2018-12-20,45.88,12/2018,2018
2018-12-21,45.59,12/2018,2018
2018-12-24,42.53,12/2018,2018
2018-12-26,46.22,12/2018,2018
2018-12-27,44.61,12/2018,2018
2018-12-28,45.33,12/2018,2018
2018-12-31,45.41,12/2018,2018
2019-01-02,46.54,01/2019,2019
2019-01-03,47.09,01/2019,2019
2019-01-04,47.96,01/2019,2019
2019-01-07,48.52,01/2019,2019
2019-01-08,49.78,01/2019,2019
2019-01-09,52.36,01/2019,2019
2019-01-10,52.59,01/2019,2019
2019-01-11,51.59,01/2019,2019
2019-01-14,50.51,01/2019,2019
2019-01-15,52.11,01/2019,2019
2019-01-16,52.37,01/2019,2019
2019-01-17,52.186,01/2019,2019
2019-01-18,53.944,01/2019,2019
2019-01-22,52.922,01/2019,2019
2019-01-23,52.62,01/2019,2019
2019-01-24,53.13,01/2019,2019
2019-01-25,53.69,01/2019,2019
2019-01-28,51.99,01/2019,2019
2019-01-29,53.31,01/2019,2019
2019-01-30,54.23,01/2019,2019
2019-01-31,53.79,01/2019,2019
2019-02-01,55.26,02/2019,2019
2019-02-04,54.56,02/2019,2019
2019-02-05,53.66,02/2019,2019
2019-02-06,54.01,02/2019,2019
2019-02-07,52.64,02/2019,2019
2019-02-08,52.72,02/2019,2019
2019-02-11,52.41,02/2019,2019
2019-02-12,53.1,02/2019,2019
2019-02-13,53.9,02/2019,2019
2019-02-14,54.486,02/2019,2019
2019-02-15,55.746,02/2019,2019
2019-02-19,56.306,02/2019,2019
2019-02-20,57.112,02/2019,2019
2019-02-21,56.96,02/2019,2019
2019-02-22,57.26,02/2019,2019
2019-02-25,55.48,02/2019,2019
2019-02-26,55.5,02/2019,2019
2019-02-27,56.94,02/2019,2019
2019-02-28,57.22,02/2019,2019
2019-03-01,55.8,03/2019,2019
2019-03-04,56.59,03/2019,2019
2019-03-05,56.56,03/2019,2019
2019-03-06,56.22,03/2019,2019
2019-03-07,56.66,03/2019,2019
2019-03-08,56.07,03/2019,2019
2019-03-11,56.79,03/2019,2019
2019-03-12,56.87,03/2019,2019
2019-03-13,58.26,03/2019,2019
2019-03-14,58.61,03/2019,2019
2019-03-15,58.58,03/2019,2019
2019-03-18,59.206,03/2019,2019
2019-03-19,59.186,03/2019,2019
2019-03-20,60.15,03/2019,2019
2019-03-21,59.98,03/2019,2019
2019-03-22,59.04,03/2019,2019
2019-03-25,58.82,03/2019,2019
2019-03-26,59.94,03/2019,2019
2019-03-27,59.41,03/2019,2019
2019-03-28,59.3,03/2019,2019
2019-03-29,60.14,03/2019,2019
2019-04-01,61.59,04/2019,2019
2019-04-02,62.58,04/2019,2019
2019-04-03,62.46,04/2019,2019
2019-04-04,62.1,04/2019,2019
2019-04-05,63.08,04/2019,2019
2019-04-08,64.4,04/2019,2019
2019-04-09,63.98,04/2019,2019
2019-04-10,64.61,04/2019,2019
2019-04-11,63.58,04/2019,2019
2019-04-12,63.89,04/2019,2019
2019-04-15,63.4,04/2019,2019
2019-04-16,64.078,04/2019,2019
2019-04-17,63.804,04/2019,2019
2019-04-18,64.042,04/2019,2019
2019-04-22,65.58,04/2019,2019
2019-04-23,66.3,04/2019,2019
2019-04-24,65.89,04/2019,2019
2019-04-25,65.21,04/2019,2019
2019-04-26,63.3,04/2019,2019
2019-04-29,63.5,04/2019,2019
2019-04-30,63.91,04/2019,2019
2019-05-01,63.6,05/2019,2019
2019-05-02,61.81,05/2019,2019
2019-05-03,61.94,05/2019,2019
2019-05-06,62.25,05/2019,2019
2019-05-07,61.4,05/2019,2019
2019-05-08,62.12,05/2019,2019
2019-05-09,61.7,05/2019,2019
2019-05-10,61.66,05/2019,2019
2019-05-13,61.04,05/2019,2019
2019-05-14,61.78,05/2019,2019
2019-05-15,62.02,05/2019,2019
2019-05-16,62.908,05/2019,2019
2019-05-17,62.824,05/2019,2019
2019-05-20,63.166,05/2019,2019
2019-05-21,63.102,05/2019,2019
2019-05-22,61.42,05/2019,2019
2019-05-23,57.91,05/2019,2019
2019-05-24,58.63,05/2019,2019
2019-05-28,59.14,05/2019,2019
2019-05-29,58.81,05/2019,2019
2019-05-30,56.59,05/2019,2019
2019-05-31,53.5,05/2019,2019
2019-06-03,53.25,06/2019,2019
2019-06-04,53.48,06/2019,2019
2019-06-05,51.68,06/2019,2019
2019-06-06,52.59,06/2019,2019
2019-06-07,53.99,06/2019,2019
2019-06-10,53.26,06/2019,2019
2019-06-11,53.27,06/2019,2019
2019-06-12,51.14,06/2019,2019
2019-06-13,52.28,06/2019,2019
2019-06-14,52.51,06/2019,2019
2019-06-17,51.978,06/2019,2019
2019-06-18,53.984,06/2019,2019
2019-06-19,53.886,06/2019,2019
2019-06-20,56.986,06/2019,2019
2019-06-21,57.43,06/2019,2019
2019-06-24,57.9,06/2019,2019
2019-06-25,57.83,06/2019,2019
2019-06-26,59.38,06/2019,2019
2019-06-27,59.43,06/2019,2019
2019-06-28,58.47,06/2019,2019
2019-07-01,59.09,07/2019,2019
2019-07-02,56.25,07/2019,2019
2019-07-03,57.34,07/2019,2019
2019-07-05,57.51,07/2019,2019
2019-07-08,57.66,07/2019,2019
2019-07-09,57.83,07/2019,2019
2019-07-10,60.43,07/2019,2019
2019-07-11,60.2,07/2019,2019
2019-07-12,60.21,07/2019,2019
2019-07-15,59.58,07/2019,2019
2019-07-16,57.62,07/2019,2019
2019-07-17,56.808,07/2019,2019
2019-07-18,55.348,07/2019,2019
2019-07-19,55.708,07/2019,2019
2019-07-22,56.22,07/2019,2019
2019-07-23,56.77,07/2019,2019
2019-07-24,55.88,07/2019,2019
2019-07-25,56.02,07/2019,2019
2019-07-26,56.2,07/2019,2019
2019-07-29,56.87,07/2019,2019
2019-07-30,58.05,07/2019,2019
2019-07-31,58.58,07/2019,2019
2019-08-01,53.95,08/2019,2019
2019-08-02,55.66,08/2019,2019
2019-08-05,54.69,08/2019,2019
2019-08-06,53.63,08/2019,2019
2019-08-07,51.09,08/2019,2019
2019-08-08,52.54,08/2019,2019
2019-08-09,54.5,08/2019,2019
2019-08-12,54.93,08/2019,2019
2019-08-13,57.1,08/2019,2019
2019-08-14,55.23,08/2019,2019
2019-08-15,54.46,08/2019,2019
2019-08-16,54.846,08/2019,2019
2019-08-19,56.168,08/2019,2019
2019-08-20,56.172,08/2019,2019
2019-08-21,55.68,08/2019,2019
2019-08-22,55.35,08/2019,2019
2019-08-23,54.17,08/2019,2019
2019-08-26,53.64,08/2019,2019
2019-08-27,54.93,08/2019,2019
2019-08-28,55.78,08/2019,2019
2019-08-29,56.71,08/2019,2019
2019-08-30,55.1,08/2019,2019
2019-09-03,53.94,09/2019,2019
2019-09-04,56.26,09/2019,2019
2019-09-05,56.3,09/2019,2019
2019-09-06,56.52,09/2019,2019
2019-09-09,57.85,09/2019,2019
2019-09-10,57.4,09/2019,2019
2019-09-11,55.75,09/2019,2019
2019-09-12,55.09,09/2019,2019
2019-09-13,54.85,09/2019,2019
2019-09-16,62.9,09/2019,2019
2019-09-17,59.292,09/2019,2019
2019-09-18,58.082,09/2019,2019
2019-09-19,58.166,09/2019,2019
2019-09-20,58.09,09/2019,2019
2019-09-23,58.64,09/2019,2019
2019-09-24,57.29,09/2019,2019
2019-09-25,56.49,09/2019,2019
2019-09-26,56.41,09/2019,2019
2019-09-27,55.91,09/2019,2019
2019-09-30,54.07,09/2019,2019
2019-10-01,53.62,10/2019,2019
2019-10-02,52.64,10/2019,2019
2019-10-03,52.45,10/2019,2019
2019-10-04,52.81,10/2019,2019
2019-10-07,52.75,10/2019,2019
2019-10-08,52.63,10/2019,2019
2019-10-09,52.59,10/2019,2019
2019-10-10,53.55,10/2019,2019
2019-10-11,54.7,10/2019,2019
2019-10-14,53.59,10/2019,2019
2019-10-15,52.81,10/2019,2019
2019-10-16,53.36,10/2019,2019
2019-10-17,53.95,10/2019,2019
2019-10-18,53.816,10/2019,2019
2019-10-21,53.43,10/2019,2019
2019-10-22,54.416,10/2019,2019
2019-10-23,55.97,10/2019,2019
2019-10-24,56.23,10/2019,2019
2019-10-25,56.66,10/2019,2019
2019-10-28,55.81,10/2019,2019
2019-10-29,55.54,10/2019,2019
2019-10-30,55.06,10/2019,2019
2019-10-31,54.18,10/2019,2019
2019-11-01,56.2,11/2019,2019
2019-11-04,56.54,11/2019,2019
2019-11-05,57.23,11/2019,2019
2019-11-06,56.35,11/2019,2019
2019-11-07,57.15,11/2019,2019
2019-11-08,57.24,11/2019,2019
2019-11-11,56.86,11/2019,2019
2019-11-12,56.8,11/2019,2019
2019-11-13,57.12,11/2019,2019
2019-11-14,56.77,11/2019,2019
2019-11-15,57.742,11/2019,2019
2019-11-18,57.086,11/2019,2019
2019-11-19,55.294,11/2019,2019
2019-11-20,57.03,11/2019,2019
2019-11-21,58.58,11/2019,2019
2019-11-22,57.77,11/2019,2019
2019-11-25,58.01,11/2019,2019
2019-11-26,58.41,11/2019,2019
2019-11-27,58.11,11/2019,2019
2019-11-29,55.17,11/2019,2019
2019-12-02,55.96,12/2019,2019
2019-12-03,56.1,12/2019,2019
2019-12-04,58.43,12/2019,2019
2019-12-05,58.43,12/2019,2019
2019-12-06,59.2,12/2019,2019
2019-12-09,59.02,12/2019,2019
2019-12-10,59.24,12/2019,2019
2019-12-11,58.76,12/2019,2019
2019-12-12,59.18,12/2019,2019
2019-12-13,60.07,12/2019,2019
2019-12-16,60.196,12/2019,2019
2019-12-17,60.912,12/2019,2019
2019-12-18,60.882,12/2019,2019
2019-12-19,61.188,12/2019,2019
2019-12-20,60.44,12/2019,2019
2019-12-23,60.52,12/2019,2019
2019-12-24,61.11,12/2019,2019
2019-12-26,61.68,12/2019,2019
2019-12-27,61.72,12/2019,2019
2019-12-30,61.68,12/2019,2019
2019-12-31,61.06,12/2019,2019
2020-01-02,61.18,01/2020,2020
2020-01-03,63.05,01/2020,2020
2020-01-06,63.27,01/2020,2020
2020-01-07,62.7,01/2020,2020
2020-01-08,59.61,01/2020,2020
2020-01-09,59.56,01/2020,2020
2020-01-10,59.04,01/2020,2020
2020-01-13,58.08,01/2020,2020
2020-01-14,58.23,01/2020,2020
2020-01-15,57.816,01/2020,2020
2020-01-16,58.524,01/2020,2020
2020-01-17,58.564,01/2020,2020
2020-01-21,58.372,01/2020,2020
2020-01-22,56.74,01/2020,2020
2020-01-23,55.59,01/2020,2020
2020-01-24,54.19,01/2020,2020
2020-01-27,53.14,01/2020,2020
2020-01-28,53.48,01/2020,2020
2020-01-29,53.33,01/2020,2020
2020-01-30,52.14,01/2020,2020
2020-01-31,51.56,01/2020,2020
2020-02-03,50.11,02/2020,2020
2020-02-04,49.61,02/2020,2020
2020-02-05,50.75,02/2020,2020
2020-02-06,50.95,02/2020,2020
2020-02-07,50.32,02/2020,2020
2020-02-10,49.57,02/2020,2020
2020-02-11,49.94,02/2020,2020
2020-02-12,51.17,02/2020,2020
2020-02-13,51.42,02/2020,2020
2020-02-14,52.104,02/2020,2020
2020-02-18,52.146,02/2020,2020
2020-02-19,53.41,02/2020,2020
2020-02-20,53.86,02/2020,2020
2020-02-21,53.38,02/2020,2020
2020-02-24,51.43,02/2020,2020
2020-02-25,49.9,02/2020,2020
2020-02-26,48.73,02/2020,2020
2020-02-27,47.09,02/2020,2020
2020-02-28,44.76,02/2020,2020
2020-03-02,46.75,03/2020,2020
2020-03-03,47.18,03/2020,2020
2020-03-04,46.78,03/2020,2020
2020-03-05,45.9,03/2020,2020
2020-03-06,41.28,03/2020,2020
2020-03-09,31.13,03/2020,2020
2020-03-10,34.36,03/2020,2020
2020-03-11,32.98,03/2020,2020
2020-03-12,31.5,03/2020,2020
2020-03-13,31.73,03/2020,2020
2020-03-16,28.7,03/2020,2020
2020-03-17,27.026,03/2020,2020
2020-03-18,20.554,03/2020,2020
2020-03-19,25.634,03/2020,2020
2020-03-20,22.59,03/2020,2020
2020-03-23,23.36,03/2020,2020
2020-03-24,24.01,03/2020,2020
2020-03-25,24.49,03/2020,2020
2020-03-26,22.6,03/2020,2020
2020-03-27,21.51,03/2020,2020
2020-03-30,20.09,03/2020,2020
2020-03-31,20.48,03/2020,2020
2020-04-01,20.31,04/2020,2020
2020-04-02,25.32,04/2020,2020
2020-04-03,28.34,04/2020,2020
2020-04-06,26.08,04/2020,2020
2020-04-07,23.63,04/2020,2020
2020-04-08,25.09,04/2020,2020
2020-04-09,22.76,04/2020,2020
2020-04-13,22.41,04/2020,2020
2020-04-14,20.11,04/2020,2020
2020-04-15,19.87,04/2020,2020
2020-04-16,21.002,04/2020,2020
2020-04-17,20.974,04/2020,2020
2020-04-21,11.258,04/2020,2020
2020-04-22,13.78,04/2020,2020
2020-04-23,16.5,04/2020,2020
2020-04-24,16.94,04/2020,2020
